name,id,optaId,teamId,teamName,isGoalkeeper,stats,shirtNumber,positionId,usualPosition,matchId,matchRound,homeTeamName,homeTeamid,awayTeamName,awayTeamid,matchDate,home_goals,away_goals,FotMob_rating,Minutes_played,Goals,Assists,Total_shots,Accurate_passes_value,Accurate_passes_total,Chances_created,Expected_assists_xA,xG_plus_xA,Fantasy_points,Defensive_actions,touches,touches_opp_box,passes_into_final_third,accurate_crosses_value,accurate_crosses_total,long_balls_accurate_value,long_balls_accurate_total,dispossessed,tackles_succeeded_value,tackles_succeeded_total,shot_blocks,clearances,headed_clearance,interceptions,recoveries,dribbled_past,duel_won,duel_lost,ground_duels_won_value,ground_duels_won_total,aerials_won_value,aerials_won_total,fouls_received,fouls_committed
Craig Forsyth,110911,57714,10170,Derby County,False,"[{'title': 'Top stats', 'key': 'top_stats', 'stats': {'FotMob rating': {'key': 'rating_title', 'stat': {'value': 7.71, 'type': 'double'}}, 'Minutes played': {'key': 'minutes_played', 'stat': {'value': 90, 'type': 'integer'}}, 'Goals': {'key': 'goals', 'stat': {'value': 0, 'type': 'integer'}}, 'Assists': {'key': 'assists', 'stat': {'value': 0, 'type': 'integer'}}, 'Total shots': {'key': 'total_shots', 'stat': {'value': 0, 'type': 'integer'}}, 'Shotmap': {'key': None, 'stat': {'value': 0, 'type': 'boolean'}}, 'Accurate passes': {'key': 'accurate_passes', 'stat': {'value': 22, 'total': 36, 'type': 'fractionWithPercentage'}}, 'Chances created': {'key': 'chances_created', 'stat': {'value': 1, 'type': 'integer'}}, 'Expected assists (xA)': {'key': 'expected_assists', 'stat': {'value': 0.2, 'type': 'double'}}, 'xG + xA': {'key': 'xg_and_xa', 'stat': {'value': 0.2, 'type': 'double'}}, 'Defensive actions': {'key': 'defensive_actions', 'stat': {'value': 8, 'type': 'integer'}}}}, {'title': 'Attack', 'key': 'attack', 'stats': {'Touches': {'key': 'touches', 'stat': {'value': 54, 'type': 'integer'}}, 'Touches in opposition box': {'key': 'touches_opp_box', 'stat': {'value': 0, 'type': 'integer'}}, 'Successful dribbles': {'key': 'dribbles_succeeded', 'stat': {'value': 0, 'total': 1, 'type': 'fractionWithPercentage'}}, 'Passes into final third': {'key': 'passes_into_final_third', 'stat': {'value': 8, 'type': 'integer'}}, 'Accurate crosses': {'key': 'accurate_crosses', 'stat': {'value': 2, 'total': 6, 'type': 'fractionWithPercentage'}}, 'Accurate long balls': {'key': 'long_balls_accurate', 'stat': {'value': 0, 'total': 6, 'type': 'fractionWithPercentage'}}, 'Dispossessed': {'key': 'dispossessed', 'stat': {'value': 0, 'type': 'integer'}}}}, {'title': 'Defense', 'key': 'defense', 'stats': {'Tackles': {'key': 'matchstats.headers.tackles', 'stat': {'value': 4, 'type': 'integer'}}, 'Blocks': {'key': 'shot_blocks', 'stat': {'value': 0, 'type': 'integer'}}, 'Clearances': {'key': 'clearances', 'stat': {'value': 2, 'type': 'integer'}}, 'Headed clearance': {'key': 'headed_clearance', 'stat': {'value': 2, 'type': 'integer'}}, 'Interceptions': {'key': 'interceptions', 'stat': {'value': 2, 'type': 'integer'}}, 'Recoveries': {'key': 'recoveries', 'stat': {'value': 4, 'type': 'integer'}}, 'Dribbled past': {'key': 'dribbled_past', 'stat': {'value': 1, 'type': 'integer'}}}}, {'title': 'Duels', 'key': 'duels', 'stats': {'Duels won': {'key': 'duel_won', 'stat': {'value': 4, 'type': 'integer'}, 'hideInPopupCard': True}, 'Duels lost': {'key': 'duel_lost', 'stat': {'value': 2, 'type': 'integer'}, 'hideInPopupCard': True}, 'Ground duels won': {'key': 'ground_duels_won', 'stat': {'value': 4, 'total': 6, 'type': 'fractionWithPercentage'}}, 'Aerial duels won': {'key': 'aerials_won', 'stat': {'value': 0, 'total': 0, 'type': 'fractionWithPercentage'}}, 'Was fouled': {'key': 'was_fouled', 'stat': {'type': 'integer'}}, 'Fouls committed': {'key': 'fouls', 'stat': {'value': 1, 'type': 'integer'}}}}]",3,68,1,4825282,21,Sheffield Wednesday,10163,Derby County,10170,2025-12-15T20:00:00.000Z,0,3,7.71,90.0,0.0,0.0,0.0,22.0,36.0,1.0,0.2,0.2,,8.0,54.0,0.0,8.0,2.0,6.0,0.0,6.0,0.0,,,0.0,2.0,2.0,2.0,4.0,1.0,4.0,2.0,4.0,6.0,0.0,0.0,,1.0
Liam Cooper,150591,55914,10163,Sheffield Wednesday,False,"[{'title': 'Top stats', 'key': 'top_stats', 'stats': {'FotMob rating': {'key': 'rating_title', 'stat': {'value': 6.9, 'type': 'double'}}, 'Minutes played': {'key': 'minutes_played', 'stat': {'value': 90, 'type': 'integer'}}, 'Goals': {'key': 'goals', 'stat': {'value': 0, 'type': 'integer'}}, 'Assists': {'key': 'assists', 'stat': {'value': 0, 'type': 'integer'}}, 'Total shots': {'key': 'total_shots', 'stat': {'value': 0, 'type': 'integer'}}, 'Shotmap': {'key': None, 'stat': {'value': 0, 'type': 'boolean'}}, 'Accurate passes': {'key': 'accurate_passes', 'stat': {'value': 84, 'total': 94, 'type': 'fractionWithPercentage'}}, 'Chances created': {'key': 'chances_created', 'stat': {'value': 0, 'type': 'integer'}}, 'Expected assists (xA)': {'key': 'expected_assists', 'stat': {'value': 0.01, 'type': 'double'}}, 'xG + xA': {'key': 'xg_and_xa', 'stat': {'value': 0.01, 'type': 'double'}}, 'Defensive actions': {'key': 'defensive_actions', 'stat': {'value': 15, 'type': 'integer'}}}}, {'title': 'Attack', 'key': 'attack', 'stats': {'Touches': {'key': 'touches', 'stat': {'value': 111, 'type': 'integer'}}, 'Touches in opposition box': {'key': 'touches_opp_box', 'stat': {'value': 0, 'type': 'integer'}}, 'Passes into final third': {'key': 'passes_into_final_third', 'stat': {'value': 8, 'type': 'integer'}}, 'Accurate long balls': {'key': 'long_balls_accurate', 'stat': {'value': 3, 'total': 7, 'type': 'fractionWithPercentage'}}, 'Dispossessed': {'key': 'dispossessed', 'stat': {'value': 0, 'type': 'integer'}}}}, {'title': 'Defense', 'key': 'defense', 'stats': {'Tackles': {'key': 'matchstats.headers.tackles', 'stat': {'value': 2, 'type': 'integer'}}, 'Blocks': {'key': 'shot_blocks', 'stat': {'value': 1, 'type': 'integer'}}, 'Clearances': {'key': 'clearances', 'stat': {'value': 10, 'type': 'integer'}}, 'Headed clearance': {'key': 'headed_clearance', 'stat': {'value': 8, 'type': 'integer'}}, 'Interceptions': {'key': 'interceptions', 'stat': {'value': 2, 'type': 'integer'}}, 'Recoveries': {'key': 'recoveries', 'stat': {'value': 8, 'type': 'integer'}}, 'Dribbled past': {'key': 'dribbled_past', 'stat': {'value': 0, 'type': 'integer'}}}}, {'title': 'Duels', 'key': 'duels', 'stats': {'Duels won': {'key': 'duel_won', 'stat': {'value': 9, 'type': 'integer'}, 'hideInPopupCard': True}, 'Duels lost': {'key': 'duel_lost', 'stat': {'value': 2, 'type': 'integer'}, 'hideInPopupCard': True}, 'Ground duels won': {'key': 'ground_duels_won', 'stat': {'value': 3, 'total': 3, 'type': 'fractionWithPercentage'}}, 'Aerial duels won': {'key': 'aerials_won', 'stat': {'value': 6, 'total': 8, 'type': 'fractionWithPercentage'}}, 'Was fouled': {'key': 'was_fouled', 'stat': {'value': 1, 'type': 'integer'}}, 'Fouls committed': {'key': 'fouls', 'stat': {'value': 0, 'type': 'integer'}}}}]",16,35,1,4825282,21,Sheffield Wednesday,10163,Derby County,10170,2025-12-15T20:00:00.000Z,0,3,6.9,90.0,0.0,0.0,0.0,84.0,94.0,0.0,0.01,0.01,,15.0,111.0,0.0,8.0,,,3.0,7.0,0.0,,,1.0,10.0,8.0,2.0,8.0,0.0,9.0,2.0,3.0,3.0,6.0,8.0,1.0,0.0
Barry Bannan,161415,59013,10163,Sheffield Wednesday,False,"[{'title': 'Top stats', 'key': 'top_stats', 'stats': {'FotMob rating': {'key': 'rating_title', 'stat': {'value': 7.22, 'type': 'double'}}, 'Minutes played': {'key': 'minutes_played', 'stat': {'value': 90, 'type': 'integer'}}, 'Goals': {'key': 'goals', 'stat': {'value': 0, 'type': 'integer'}}, 'Assists': {'key': 'assists', 'stat': {'value': 0, 'type': 'integer'}}, 'Total shots': {'key': 'total_shots', 'stat': {'value': 0, 'type': 'integer'}}, 'Shotmap': {'key': None, 'stat': {'value': 0, 'type': 'boolean'}}, 'Accurate passes': {'key': 'accurate_passes', 'stat': {'value': 68, 'total': 80, 'type': 'fractionWithPercentage'}}, 'Chances created': {'key': 'chances_created', 'stat': {'value': 2, 'type': 'integer'}}, 'Expected assists (xA)': {'key': 'expected_assists', 'stat': {'value': 0.2, 'type': 'double'}}, 'xG + xA': {'key': 'xg_and_xa', 'stat': {'value': 0.2, 'type': 'double'}}, 'Defensive actions': {'key': 'defensive_actions', 'stat': {'value': 3, 'type': 'integer'}}}}, {'title': 'Attack', 'key': 'attack', 'stats': {'Touches': {'key': 'touches', 'stat': {'value': 92, 'type': 'integer'}}, 'Touches in opposition box': {'key': 'touches_opp_box', 'stat': {'value': 0, 'type': 'integer'}}, 'Successful dribbles': {'key': 'dribbles_succeeded', 'stat': {'value': 1, 'total': 1, 'type': 'fractionWithPercentage'}}, 'Passes into final third': {'key': 'passes_into_final_third', 'stat': {'value': 21, 'type': 'integer'}}, 'Accurate crosses': {'key': 'accurate_crosses', 'stat': {'value': 1, 'total': 2, 'type': 'fractionWithPercentage'}}, 'Accurate long balls': {'key': 'long_balls_accurate', 'stat': {'value': 5, 'total': 12, 'type': 'fractionWithPercentage'}}, 'Dispossessed': {'key': 'dispossessed', 'stat': {'value': 0, 'type': 'integer'}}}}, {'title': 'Defense', 'key': 'defense', 'stats': {'Tackles': {'key': 'matchstats.headers.tackles', 'stat': {'value': 0, 'type': 'integer'}}, 'Blocks': {'key': 'shot_blocks', 'stat': {'value': 0, 'type': 'integer'}}, 'Clearances': {'key': 'clearances', 'stat': {'value': 1, 'type': 'integer'}}, 'Headed clearance': {'key': 'headed_clearance', 'stat': {'value': 1, 'type': 'integer'}}, 'Interceptions': {'key': 'interceptions', 'stat': {'value': 2, 'type': 'integer'}}, 'Recoveries': {'key': 'recoveries', 'stat': {'value': 3, 'type': 'integer'}}, 'Dribbled past': {'key': 'dribbled_past', 'stat': {'value': 1, 'type': 'integer'}}}}, {'title': 'Duels', 'key': 'duels', 'stats': {'Duels won': {'key': 'duel_won', 'stat': {'value': 2, 'type': 'integer'}, 'hideInPopupCard': True}, 'Duels lost': {'key': 'duel_lost', 'stat': {'value': 1, 'type': 'integer'}, 'hideInPopupCard': True}, 'Ground duels won': {'key': 'ground_duels_won', 'stat': {'value': 1, 'total': 2, 'type': 'fractionWithPercentage'}}, 'Aerial duels won': {'key': 'aerials_won', 'stat': {'value': 1, 'total': 1, 'type': 'fractionWithPercentage'}}, 'Was fouled': {'key': 'was_fouled', 'stat': {'type': 'integer'}}, 'Fouls committed': {'key': 'fouls', 'stat': {'value': 0, 'type': 'integer'}}}}]",10,75,2,4825282,21,Sheffield Wednesday,10163,Derby County,10170,2025-12-15T20:00:00.000Z,0,3,7.22,90.0,0.0,0.0,0.0,68.0,80.0,2.0,0.2,0.2,,3.0,92.0,0.0,21.0,1.0,2.0,5.0,12.0,0.0,,,0.0,1.0,1.0,2.0,3.0,1.0,2.0,1.0,1.0,2.0,1.0,1.0,,0.0
Andreas Weimann,184360,80979,10170,Derby County,False,"[{'title': 'Top stats', 'key': 'top_stats', 'stats': {'FotMob rating': {'key': 'rating_title', 'stat': {'value': 6.48, 'type': 'double'}}, 'Minutes played': {'key': 'minutes_played', 'stat': {'value': 24, 'type': 'integer'}}, 'Goals': {'key': 'goals', 'stat': {'value': 0, 'type': 'integer'}}, 'Assists': {'key': 'assists', 'stat': {'value': 0, 'type': 'integer'}}, 'Total shots': {'key': 'total_shots', 'stat': {'value': 2, 'type': 'integer'}}, 'Shotmap': {'key': None, 'stat': {'value': 1, 'type': 'boolean'}}, 'Accurate passes': {'key': 'accurate_passes', 'stat': {'value': 4, 'total': 4, 'type': 'fractionWithPercentage'}}, 'Chances created': {'key': 'chances_created', 'stat': {'value': 2, 'type': 'integer'}}, 'Expected goals (xG)': {'key': 'expected_goals', 'stat': {'value': 0.08, 'type': 'double'}}, 'Expected goals on target (xGOT)': {'key': 'expected_goals_on_target_variant', 'stat': {'value': 0.02, 'type': 'double'}}, 'Expected assists (xA)': {'key': 'expected_assists', 'stat': {'value': 0.04, 'type': 'double'}}, 'xG + xA': {'key': 'xg_and_xa', 'stat': {'value': 0.12, 'type': 'double'}}, 'Defensive actions': {'key': 'defensive_actions', 'stat': {'value': 0, 'type': 'integer'}}}}, {'title': 'Attack', 'key': 'attack', 'stats': {'Shots on target': {'key': 'ShotsOnTarget', 'stat': {'value': 1, 'total': 2, 'type': 'fractionWithPercentage'}}, 'Touches': {'key': 'touches', 'stat': {'value': 7, 'type': 'integer'}}, 'Touches in opposition box': {'key': 'touches_opp_box', 'stat': {'value': 2, 'type': 'integer'}}, 'Passes into final third': {'key': 'passes_into_final_third', 'stat': {'value': 1, 'type': 'integer'}}, 'Accurate long balls': {'key': 'long_balls_accurate', 'stat': {'value': 1, 'total': 1, 'type': 'fractionWithPercentage'}}, 'Dispossessed': {'key': 'dispossessed', 'stat': {'value': 0, 'type': 'integer'}}, 'xG Non-penalty': {'key': 'expected_goals_non_penalty', 'stat': {'value': 0.08, 'type': 'double'}}}}, {'title': 'Defense', 'key': 'defense', 'stats': {'Tackles': {'key': 'matchstats.headers.tackles', 'stat': {'value': 0, 'type': 'integer'}}, 'Blocks': {'key': 'shot_blocks', 'stat': {'value': 0, 'type': 'integer'}}, 'Clearances': {'key': 'clearances', 'stat': {'value': 0, 'type': 'integer'}}, 'Interceptions': {'key': 'interceptions', 'stat': {'value': 0, 'type': 'integer'}}, 'Recoveries': {'key': 'recoveries', 'stat': {'value': 1, 'type': 'integer'}}, 'Dribbled past': {'key': 'dribbled_past', 'stat': {'value': 0, 'type': 'integer'}}}}, {'title': 'Duels', 'key': 'duels', 'stats': {'Duels lost': {'key': 'duel_lost', 'stat': {'value': 1, 'type': 'integer'}, 'hideInPopupCard': True}, 'Aerial duels won': {'key': 'aerials_won', 'stat': {'value': 0, 'total': 1, 'type': 'fractionWithPercentage'}}, 'Was fouled': {'key': 'was_fouled', 'stat': {'type': 'integer'}}, 'Fouls committed': {'key': 'fouls', 'stat': {'value': 0, 'type': 'integer'}}}}]",14,,3,4825282,21,Sheffield Wednesday,10163,Derby County,10170,2025-12-15T20:00:00.000Z,0,3,6.48,24.0,0.0,0.0,2.0,4.0,4.0,2.0,0.04,0.12,,0.0,7.0,2.0,1.0,,,1.0,1.0,0.0,,,0.0,0.0,,0.0,1.0,0.0,,1.0,,,0.0,1.0,,0.0
Liam Palmer,195673,80277,10163,Sheffield Wednesday,False,[],2,,1,4825282,21,Sheffield Wednesday,10163,Derby County,10170,2025-12-15T20:00:00.000Z,0,3,,,,,,,,,,,,,,,,,,,,,,,,,,,,,,,,,,,,
Curtis Nelson,201787,83311,10170,Derby County,False,[],35,,1,4825282,21,Sheffield Wednesday,10163,Derby County,10170,2025-12-15T20:00:00.000Z,0,3,,,,,,,,,,,,,,,,,,,,,,,,,,,,,,,,,,,,
Nathaniel Chalobah,215658,89085,10163,Sheffield Wednesday,False,"[{'title': 'Top stats', 'key': 'top_stats', 'stats': {'FotMob rating': {'key': 'rating_title', 'stat': {'value': 5.05, 'type': 'double'}}, 'Minutes played': {'key': 'minutes_played', 'stat': {'value': 28, 'type': 'integer'}}, 'Goals': {'key': 'goals', 'stat': {'value': 0, 'type': 'integer'}}, 'Assists': {'key': 'assists', 'stat': {'value': 0, 'type': 'integer'}}, 'Total shots': {'key': 'total_shots', 'stat': {'value': 0, 'type': 'integer'}}, 'Shotmap': {'key': None, 'stat': {'value': 0, 'type': 'boolean'}}, 'Accurate passes': {'key': 'accurate_passes', 'stat': {'value': 20, 'total': 21, 'type': 'fractionWithPercentage'}}, 'Chances created': {'key': 'chances_created', 'stat': {'value': 0, 'type': 'integer'}}, 'Error led to goal': {'key': 'error_led_to_goal', 'stat': {'value': 1, 'type': 'integer'}}, 'Expected assists (xA)': {'key': 'expected_assists', 'stat': {'value': 0.01, 'type': 'double'}}, 'xG + xA': {'key': 'xg_and_xa', 'stat': {'value': 0.01, 'type': 'double'}}, 'Defensive actions': {'key': 'defensive_actions', 'stat': {'value': 2, 'type': 'integer'}}}}, {'title': 'Attack', 'key': 'attack', 'stats': {'Touches': {'key': 'touches', 'stat': {'value': 24, 'type': 'integer'}}, 'Touches in opposition box': {'key': 'touches_opp_box', 'stat': {'value': 0, 'type': 'integer'}}, 'Passes into final third': {'key': 'passes_into_final_third', 'stat': {'value': 1, 'type': 'integer'}}, 'Accurate long balls': {'key': 'long_balls_accurate', 'stat': {'value': 1, 'total': 1, 'type': 'fractionWithPercentage'}}, 'Dispossessed': {'key': 'dispossessed', 'stat': {'value': 0, 'type': 'integer'}}}}, {'title': 'Defense', 'key': 'defense', 'stats': {'Tackles': {'key': 'matchstats.headers.tackles', 'stat': {'value': 0, 'type': 'integer'}}, 'Blocks': {'key': 'shot_blocks', 'stat': {'value': 1, 'type': 'integer'}}, 'Clearances': {'key': 'clearances', 'stat': {'value': 0, 'type': 'integer'}}, 'Interceptions': {'key': 'interceptions', 'stat': {'value': 1, 'type': 'integer'}}, 'Recoveries': {'key': 'recoveries', 'stat': {'value': 0, 'type': 'integer'}}, 'Dribbled past': {'key': 'dribbled_past', 'stat': {'value': 0, 'type': 'integer'}}}}, {'title': 'Duels', 'key': 'duels', 'stats': {'Duels lost': {'key': 'duel_lost', 'stat': {'value': 1, 'type': 'integer'}, 'hideInPopupCard': True}, 'Ground duels won': {'key': 'ground_duels_won', 'stat': {'value': 0, 'total': 1, 'type': 'fractionWithPercentage'}}, 'Aerial duels won': {'key': 'aerials_won', 'stat': {'value': 0, 'total': 0, 'type': 'fractionWithPercentage'}}, 'Was fouled': {'key': 'was_fouled', 'stat': {'type': 'integer'}}, 'Fouls committed': {'key': 'fouls', 'stat': {'value': 1, 'type': 'integer'}}}}]",14,,2,4825282,21,Sheffield Wednesday,10163,Derby County,10170,2025-12-15T20:00:00.000Z,0,3,5.05,28.0,0.0,0.0,0.0,20.0,21.0,0.0,0.01,0.01,,2.0,24.0,0.0,1.0,,,1.0,1.0,0.0,,,1.0,0.0,,1.0,0.0,0.0,,1.0,0.0,1.0,0.0,0.0,,1.0
Jamal Lowe,369754,128309,10163,Sheffield Wednesday,False,"[{'title': 'Top stats', 'key': 'top_stats', 'stats': {'FotMob rating': {'key': 'rating_title', 'stat': {'value': 6.24, 'type': 'double'}}, 'Minutes played': {'key': 'minutes_played', 'stat': {'value': 62, 'type': 'integer'}}, 'Goals': {'key': 'goals', 'stat': {'value': 0, 'type': 'integer'}}, 'Assists': {'key': 'assists', 'stat': {'value': 0, 'type': 'integer'}}, 'Total shots': {'key': 'total_shots', 'stat': {'value': 0, 'type': 'integer'}}, 'Shotmap': {'key': None, 'stat': {'value': 0, 'type': 'boolean'}}, 'Accurate passes': {'key': 'accurate_passes', 'stat': {'value': 11, 'total': 11, 'type': 'fractionWithPercentage'}}, 'Chances created': {'key': 'chances_created', 'stat': {'value': 0, 'type': 'integer'}}, 'Defensive actions': {'key': 'defensive_actions', 'stat': {'value': 2, 'type': 'integer'}}}}, {'title': 'Attack', 'key': 'attack', 'stats': {'Touches': {'key': 'touches', 'stat': {'value': 17, 'type': 'integer'}}, 'Touches in opposition box': {'key': 'touches_opp_box', 'stat': {'value': 0, 'type': 'integer'}}, 'Passes into final third': {'key': 'passes_into_final_third', 'stat': {'value': 1, 'type': 'integer'}}, 'Dispossessed': {'key': 'dispossessed', 'stat': {'value': 0, 'type': 'integer'}}}}, {'title': 'Defense', 'key': 'defense', 'stats': {'Tackles': {'key': 'matchstats.headers.tackles', 'stat': {'value': 1, 'type': 'integer'}}, 'Blocks': {'key': 'shot_blocks', 'stat': {'value': 0, 'type': 'integer'}}, 'Clearances': {'key': 'clearances', 'stat': {'value': 1, 'type': 'integer'}}, 'Headed clearance': {'key': 'headed_clearance', 'stat': {'value': 1, 'type': 'integer'}}, 'Interceptions': {'key': 'interceptions', 'stat': {'value': 0, 'type': 'integer'}}, 'Recoveries': {'key': 'recoveries', 'stat': {'value': 0, 'type': 'integer'}}, 'Dribbled past': {'key': 'dribbled_past', 'stat': {'value': 0, 'type': 'integer'}}}}, {'title': 'Duels', 'key': 'duels', 'stats': {'Duels won': {'key': 'duel_won', 'stat': {'value': 2, 'type': 'integer'}, 'hideInPopupCard': True}, 'Ground duels won': {'key': 'ground_duels_won', 'stat': {'value': 2, 'total': 2, 'type': 'fractionWithPercentage'}}, 'Aerial duels won': {'key': 'aerials_won', 'stat': {'value': 0, 'total': 0, 'type': 'fractionWithPercentage'}}, 'Was fouled': {'key': 'was_fouled', 'stat': {'value': 1, 'type': 'integer'}}, 'Fouls committed': {'key': 'fouls', 'stat': {'value': 0, 'type': 'integer'}}}}]",9,106,3,4825282,21,Sheffield Wednesday,10163,Derby County,10170,2025-12-15T20:00:00.000Z,0,3,6.24,62.0,0.0,0.0,0.0,11.0,11.0,0.0,,,,2.0,17.0,0.0,1.0,,,,,0.0,,,0.0,1.0,1.0,0.0,0.0,0.0,2.0,,2.0,2.0,0.0,0.0,1.0,0.0
Ethan Horvath,471274,168547,10163,Sheffield Wednesday,True,[],24,,0,4825282,21,Sheffield Wednesday,10163,Derby County,10170,2025-12-15T20:00:00.000Z,0,3,,,,,,,,,,,,,,,,,,,,,,,,,,,,,,,,,,,,
Max Lowe,492589,155197,10163,Sheffield Wednesday,False,"[{'title': 'Top stats', 'key': 'top_stats', 'stats': {'FotMob rating': {'key': 'rating_title', 'stat': {'value': 6.58, 'type': 'double'}}, 'Minutes played': {'key': 'minutes_played', 'stat': {'value': 90, 'type': 'integer'}}, 'Goals': {'key': 'goals', 'stat': {'value': 0, 'type': 'integer'}}, 'Assists': {'key': 'assists', 'stat': {'value': 0, 'type': 'integer'}}, 'Total shots': {'key': 'total_shots', 'stat': {'value': 0, 'type': 'integer'}}, 'Shotmap': {'key': None, 'stat': {'value': 0, 'type': 'boolean'}}, 'Accurate passes': {'key': 'accurate_passes', 'stat': {'value': 55, 'total': 65, 'type': 'fractionWithPercentage'}}, 'Chances created': {'key': 'chances_created', 'stat': {'value': 0, 'type': 'integer'}}, 'Expected assists (xA)': {'key': 'expected_assists', 'stat': {'value': 0.02, 'type': 'double'}}, 'xG + xA': {'key': 'xg_and_xa', 'stat': {'value': 0.02, 'type': 'double'}}, 'Defensive actions': {'key': 'defensive_actions', 'stat': {'value': 8, 'type': 'integer'}}}}, {'title': 'Attack', 'key': 'attack', 'stats': {'Touches': {'key': 'touches', 'stat': {'value': 94, 'type': 'integer'}}, 'Touches in opposition box': {'key': 'touches_opp_box', 'stat': {'value': 1, 'type': 'integer'}}, 'Successful dribbles': {'key': 'dribbles_succeeded', 'stat': {'value': 3, 'total': 4, 'type': 'fractionWithPercentage'}}, 'Passes into final third': {'key': 'passes_into_final_third', 'stat': {'value': 8, 'type': 'integer'}}, 'Accurate crosses': {'key': 'accurate_crosses', 'stat': {'value': 0, 'total': 4, 'type': 'fractionWithPercentage'}}, 'Accurate long balls': {'key': 'long_balls_accurate', 'stat': {'value': 0, 'total': 4, 'type': 'fractionWithPercentage'}}, 'Offsides': {'key': 'Offsides', 'stat': {'value': 1, 'type': 'integer'}}, 'Dispossessed': {'key': 'dispossessed', 'stat': {'value': 1, 'type': 'integer'}}}}, {'title': 'Defense', 'key': 'defense', 'stats': {'Tackles': {'key': 'matchstats.headers.tackles', 'stat': {'value': 4, 'type': 'integer'}}, 'Blocks': {'key': 'shot_blocks', 'stat': {'value': 0, 'type': 'integer'}}, 'Clearances': {'key': 'clearances', 'stat': {'value': 3, 'type': 'integer'}}, 'Headed clearance': {'key': 'headed_clearance', 'stat': {'value': 2, 'type': 'integer'}}, 'Interceptions': {'key': 'interceptions', 'stat': {'value': 1, 'type': 'integer'}}, 'Recoveries': {'key': 'recoveries', 'stat': {'value': 2, 'type': 'integer'}}, 'Dribbled past': {'key': 'dribbled_past', 'stat': {'value': 0, 'type': 'integer'}}}}, {'title': 'Duels', 'key': 'duels', 'stats': {'Duels won': {'key': 'duel_won', 'stat': {'value': 8, 'type': 'integer'}, 'hideInPopupCard': True}, 'Duels lost': {'key': 'duel_lost', 'stat': {'value': 3, 'type': 'integer'}, 'hideInPopupCard': True}, 'Ground duels won': {'key': 'ground_duels_won', 'stat': {'value': 7, 'total': 10, 'type': 'fractionWithPercentage'}}, 'Aerial duels won': {'key': 'aerials_won', 'stat': {'value': 1, 'total': 1, 'type': 'fractionWithPercentage'}}, 'Was fouled': {'key': 'was_fouled', 'stat': {'type': 'integer'}}, 'Fouls committed': {'key': 'fouls', 'stat': {'value': 1, 'type': 'integer'}}}}]",3,37,1,4825282,21,Sheffield Wednesday,10163,Derby County,10170,2025-12-15T20:00:00.000Z,0,3,6.58,90.0,0.0,0.0,0.0,55.0,65.0,0.0,0.02,0.02,,8.0,94.0,1.0,8.0,0.0,4.0,0.0,4.0,1.0,,,0.0,3.0,2.0,1.0,2.0,0.0,8.0,3.0,7.0,10.0,1.0,1.0,,1.0
Dominic Iorfa,528214,109633,10163,Sheffield Wednesday,False,"[{'title': 'Top stats', 'key': 'top_stats', 'stats': {'FotMob rating': {'key': 'rating_title', 'stat': {'value': 6.09, 'type': 'double'}}, 'Minutes played': {'key': 'minutes_played', 'stat': {'value': 85, 'type': 'integer'}}, 'Goals': {'key': 'goals', 'stat': {'value': 0, 'type': 'integer'}}, 'Assists': {'key': 'assists', 'stat': {'value': 0, 'type': 'integer'}}, 'Total shots': {'key': 'total_shots', 'stat': {'value': 0, 'type': 'integer'}}, 'Shotmap': {'key': None, 'stat': {'value': 0, 'type': 'boolean'}}, 'Accurate passes': {'key': 'accurate_passes', 'stat': {'value': 60, 'total': 65, 'type': 'fractionWithPercentage'}}, 'Chances created': {'key': 'chances_created', 'stat': {'value': 0, 'type': 'integer'}}, 'Expected assists (xA)': {'key': 'expected_assists', 'stat': {'value': 0.03, 'type': 'double'}}, 'xG + xA': {'key': 'xg_and_xa', 'stat': {'value': 0.03, 'type': 'double'}}, 'Defensive actions': {'key': 'defensive_actions', 'stat': {'value': 9, 'type': 'integer'}}}}, {'title': 'Attack', 'key': 'attack', 'stats': {'Touches': {'key': 'touches', 'stat': {'value': 78, 'type': 'integer'}}, 'Touches in opposition box': {'key': 'touches_opp_box', 'stat': {'value': 0, 'type': 'integer'}}, 'Passes into final third': {'key': 'passes_into_final_third', 'stat': {'value': 7, 'type': 'integer'}}, 'Accurate long balls': {'key': 'long_balls_accurate', 'stat': {'value': 0, 'total': 1, 'type': 'fractionWithPercentage'}}, 'Dispossessed': {'key': 'dispossessed', 'stat': {'value': 0, 'type': 'integer'}}}}, {'title': 'Defense', 'key': 'defense', 'stats': {'Tackles': {'key': 'matchstats.headers.tackles', 'stat': {'value': 2, 'type': 'integer'}}, 'Blocks': {'key': 'shot_blocks', 'stat': {'value': 1, 'type': 'integer'}}, 'Clearances': {'key': 'clearances', 'stat': {'value': 5, 'type': 'integer'}}, 'Headed clearance': {'key': 'headed_clearance', 'stat': {'value': 3, 'type': 'integer'}}, 'Interceptions': {'key': 'interceptions', 'stat': {'value': 1, 'type': 'integer'}}, 'Recoveries': {'key': 'recoveries', 'stat': {'value': 6, 'type': 'integer'}}, 'Dribbled past': {'key': 'dribbled_past', 'stat': {'value': 1, 'type': 'integer'}}}}, {'title': 'Duels', 'key': 'duels', 'stats': {'Duels won': {'key': 'duel_won', 'stat': {'value': 7, 'type': 'integer'}, 'hideInPopupCard': True}, 'Duels lost': {'key': 'duel_lost', 'stat': {'value': 4, 'type': 'integer'}, 'hideInPopupCard': True}, 'Ground duels won': {'key': 'ground_duels_won', 'stat': {'value': 3, 'total': 6, 'type': 'fractionWithPercentage'}}, 'Aerial duels won': {'key': 'aerials_won', 'stat': {'value': 4, 'total': 5, 'type': 'fractionWithPercentage'}}, 'Was fouled': {'key': 'was_fouled', 'stat': {'value': 1, 'type': 'integer'}}, 'Fouls committed': {'key': 'fouls', 'stat': {'value': 2, 'type': 'integer'}}}}]",6,33,1,4825282,21,Sheffield Wednesday,10163,Derby County,10170,2025-12-15T20:00:00.000Z,0,3,6.09,85.0,0.0,0.0,0.0,60.0,65.0,0.0,0.03,0.03,,9.0,78.0,0.0,7.0,,,0.0,1.0,0.0,,,1.0,5.0,3.0,1.0,6.0,1.0,7.0,4.0,3.0,6.0,4.0,5.0,1.0,2.0
Ebou Adams,538329,185224,10170,Derby County,False,"[{'title': 'Top stats', 'key': 'top_stats', 'stats': {'FotMob rating': {'key': 'rating_title', 'stat': {'value': 6.55, 'type': 'double'}}, 'Minutes played': {'key': 'minutes_played', 'stat': {'value': 10, 'type': 'integer'}}, 'Goals': {'key': 'goals', 'stat': {'value': 0, 'type': 'integer'}}, 'Assists': {'key': 'assists', 'stat': {'value': 0, 'type': 'integer'}}, 'Total shots': {'key': 'total_shots', 'stat': {'value': 0, 'type': 'integer'}}, 'Shotmap': {'key': None, 'stat': {'value': 0, 'type': 'boolean'}}, 'Accurate passes': {'key': 'accurate_passes', 'stat': {'value': 4, 'total': 6, 'type': 'fractionWithPercentage'}}, 'Chances created': {'key': 'chances_created', 'stat': {'value': 0, 'type': 'integer'}}, 'Defensive actions': {'key': 'defensive_actions', 'stat': {'value': 2, 'type': 'integer'}}}}, {'title': 'Attack', 'key': 'attack', 'stats': {'Touches': {'key': 'touches', 'stat': {'value': 9, 'type': 'integer'}}, 'Touches in opposition box': {'key': 'touches_opp_box', 'stat': {'value': 0, 'type': 'integer'}}, 'Passes into final third': {'key': 'passes_into_final_third', 'stat': {'value': 1, 'type': 'integer'}}, 'Accurate long balls': {'key': 'long_balls_accurate', 'stat': {'value': 1, 'total': 1, 'type': 'fractionWithPercentage'}}, 'Dispossessed': {'key': 'dispossessed', 'stat': {'value': 0, 'type': 'integer'}}}}, {'title': 'Defense', 'key': 'defense', 'stats': {'Tackles': {'key': 'matchstats.headers.tackles', 'stat': {'value': 2, 'type': 'integer'}}, 'Blocks': {'key': 'shot_blocks', 'stat': {'value': 0, 'type': 'integer'}}, 'Clearances': {'key': 'clearances', 'stat': {'value': 0, 'type': 'integer'}}, 'Interceptions': {'key': 'interceptions', 'stat': {'value': 0, 'type': 'integer'}}, 'Recoveries': {'key': 'recoveries', 'stat': {'value': 2, 'type': 'integer'}}, 'Dribbled past': {'key': 'dribbled_past', 'stat': {'value': 1, 'type': 'integer'}}}}, {'title': 'Duels', 'key': 'duels', 'stats': {'Duels won': {'key': 'duel_won', 'stat': {'value': 3, 'type': 'integer'}, 'hideInPopupCard': True}, 'Duels lost': {'key': 'duel_lost', 'stat': {'value': 1, 'type': 'integer'}, 'hideInPopupCard': True}, 'Ground duels won': {'key': 'ground_duels_won', 'stat': {'value': 3, 'total': 4, 'type': 'fractionWithPercentage'}}, 'Aerial duels won': {'key': 'aerials_won', 'stat': {'value': 0, 'total': 0, 'type': 'fractionWithPercentage'}}, 'Was fouled': {'key': 'was_fouled', 'stat': {'value': 1, 'type': 'integer'}}, 'Fouls committed': {'key': 'fouls', 'stat': {'value': 0, 'type': 'integer'}}}}]",32,,2,4825282,21,Sheffield Wednesday,10163,Derby County,10170,2025-12-15T20:00:00.000Z,0,3,6.55,10.0,0.0,0.0,0.0,4.0,6.0,0.0,,,,2.0,9.0,0.0,1.0,,,1.0,1.0,0.0,,,0.0,0.0,,0.0,2.0,1.0,3.0,1.0,3.0,4.0,0.0,0.0,1.0,0.0
Matthew Clarke,568573,178173,10170,Derby County,False,"[{'title': 'Top stats', 'key': 'top_stats', 'stats': {'FotMob rating': {'key': 'rating_title', 'stat': {'value': 7.85, 'type': 'double'}}, 'Minutes played': {'key': 'minutes_played', 'stat': {'value': 90, 'type': 'integer'}}, 'Goals': {'key': 'goals', 'stat': {'value': 0, 'type': 'integer'}}, 'Assists': {'key': 'assists', 'stat': {'value': 1, 'type': 'integer'}}, 'Total shots': {'key': 'total_shots', 'stat': {'value': 1, 'type': 'integer'}}, 'Shotmap': {'key': None, 'stat': {'value': 1, 'type': 'boolean'}}, 'Accurate passes': {'key': 'accurate_passes', 'stat': {'value': 45, 'total': 51, 'type': 'fractionWithPercentage'}}, 'Chances created': {'key': 'chances_created', 'stat': {'value': 1, 'type': 'integer'}}, 'Expected goals (xG)': {'key': 'expected_goals', 'stat': {'value': 0.08, 'type': 'double'}}, 'Expected goals on target (xGOT)': {'key': 'expected_goals_on_target_variant', 'stat': {'type': 'double'}}, 'Expected assists (xA)': {'key': 'expected_assists', 'stat': {'value': 0.01, 'type': 'double'}}, 'xG + xA': {'key': 'xg_and_xa', 'stat': {'value': 0.09, 'type': 'double'}}, 'Defensive actions': {'key': 'defensive_actions', 'stat': {'value': 7, 'type': 'integer'}}}}, {'title': 'Attack', 'key': 'attack', 'stats': {'Shots on target': {'key': 'ShotsOnTarget', 'stat': {'value': 0, 'total': 1, 'type': 'fractionWithPercentage'}}, 'Blocked shots': {'key': 'blocked_shots', 'stat': {'value': 1, 'type': 'integer'}}, 'Touches': {'key': 'touches', 'stat': {'value': 66, 'type': 'integer'}}, 'Touches in opposition box': {'key': 'touches_opp_box', 'stat': {'value': 3, 'type': 'integer'}}, 'Passes into final third': {'key': 'passes_into_final_third', 'stat': {'value': 5, 'type': 'integer'}}, 'Accurate long balls': {'key': 'long_balls_accurate', 'stat': {'value': 5, 'total': 8, 'type': 'fractionWithPercentage'}}, 'Dispossessed': {'key': 'dispossessed', 'stat': {'value': 1, 'type': 'integer'}}, 'xG Non-penalty': {'key': 'expected_goals_non_penalty', 'stat': {'value': 0.08, 'type': 'double'}}}}, {'title': 'Defense', 'key': 'defense', 'stats': {'Tackles': {'key': 'matchstats.headers.tackles', 'stat': {'value': 1, 'type': 'integer'}}, 'Blocks': {'key': 'shot_blocks', 'stat': {'value': 0, 'type': 'integer'}}, 'Clearances': {'key': 'clearances', 'stat': {'value': 5, 'type': 'integer'}}, 'Headed clearance': {'key': 'headed_clearance', 'stat': {'value': 1, 'type': 'integer'}}, 'Interceptions': {'key': 'interceptions', 'stat': {'value': 1, 'type': 'integer'}}, 'Recoveries': {'key': 'recoveries', 'stat': {'value': 2, 'type': 'integer'}}, 'Dribbled past': {'key': 'dribbled_past', 'stat': {'value': 1, 'type': 'integer'}}}}, {'title': 'Duels', 'key': 'duels', 'stats': {'Duels won': {'key': 'duel_won', 'stat': {'value': 5, 'type': 'integer'}, 'hideInPopupCard': True}, 'Duels lost': {'key': 'duel_lost', 'stat': {'value': 5, 'type': 'integer'}, 'hideInPopupCard': True}, 'Ground duels won': {'key': 'ground_duels_won', 'stat': {'value': 1, 'total': 3, 'type': 'fractionWithPercentage'}}, 'Aerial duels won': {'key': 'aerials_won', 'stat': {'value': 4, 'total': 7, 'type': 'fractionWithPercentage'}}, 'Was fouled': {'key': 'was_fouled', 'stat': {'type': 'integer'}}, 'Fouls committed': {'key': 'fouls', 'stat': {'value': 0, 'type': 'integer'}}}}]",5,37,1,4825282,21,Sheffield Wednesday,10163,Derby County,10170,2025-12-15T20:00:00.000Z,0,3,7.85,90.0,0.0,1.0,1.0,45.0,51.0,1.0,0.01,0.09,,7.0,66.0,3.0,5.0,,,5.0,8.0,1.0,,,0.0,5.0,1.0,1.0,2.0,1.0,5.0,5.0,1.0,3.0,4.0,7.0,,0.0
Lars-JÃ¸rgen Salvesen,574841,195479,10170,Derby County,False,"[{'title': 'Top stats', 'key': 'top_stats', 'stats': {'Minutes played': {'key': 'minutes_played', 'stat': {'value': 2, 'type': 'integer'}}, 'Goals': {'key': 'goals', 'stat': {'value': 0, 'type': 'integer'}}, 'Assists': {'key': 'assists', 'stat': {'value': 0, 'type': 'integer'}}, 'Total shots': {'key': 'total_shots', 'stat': {'value': 0, 'type': 'integer'}}, 'Shotmap': {'key': None, 'stat': {'value': 0, 'type': 'boolean'}}, 'Accurate passes': {'key': 'accurate_passes', 'stat': {'value': 0, 'total': 1, 'type': 'fractionWithPercentage'}}, 'Chances created': {'key': 'chances_created', 'stat': {'value': 0, 'type': 'integer'}}, 'Defensive actions': {'key': 'defensive_actions', 'stat': {'value': 0, 'type': 'integer'}}}}, {'title': 'Attack', 'key': 'attack', 'stats': {'Touches': {'key': 'touches', 'stat': {'value': 3, 'type': 'integer'}}, 'Touches in opposition box': {'key': 'touches_opp_box', 'stat': {'value': 0, 'type': 'integer'}}, 'Passes into final third': {'key': 'passes_into_final_third', 'stat': {'value': 1, 'type': 'integer'}}, 'Dispossessed': {'key': 'dispossessed', 'stat': {'value': 1, 'type': 'integer'}}}}, {'title': 'Defense', 'key': 'defense', 'stats': {'Tackles': {'key': 'matchstats.headers.tackles', 'stat': {'value': 0, 'type': 'integer'}}, 'Blocks': {'key': 'shot_blocks', 'stat': {'value': 0, 'type': 'integer'}}, 'Clearances': {'key': 'clearances', 'stat': {'value': 0, 'type': 'integer'}}, 'Interceptions': {'key': 'interceptions', 'stat': {'value': 0, 'type': 'integer'}}, 'Recoveries': {'key': 'recoveries', 'stat': {'value': 0, 'type': 'integer'}}, 'Dribbled past': {'key': 'dribbled_past', 'stat': {'value': 0, 'type': 'integer'}}}}, {'title': 'Duels', 'key': 'duels', 'stats': {'Duels won': {'key': 'duel_won', 'stat': {'value': 1, 'type': 'integer'}, 'hideInPopupCard': True}, 'Duels lost': {'key': 'duel_lost', 'stat': {'value': 1, 'type': 'integer'}, 'hideInPopupCard': True}, 'Ground duels won': {'key': 'ground_duels_won', 'stat': {'value': 0, 'total': 1, 'type': 'fractionWithPercentage'}}, 'Aerial duels won': {'key': 'aerials_won', 'stat': {'value': 1, 'total': 1, 'type': 'fractionWithPercentage'}}, 'Was fouled': {'key': 'was_fouled', 'stat': {'type': 'integer'}}, 'Fouls committed': {'key': 'fouls', 'stat': {'value': 0, 'type': 'integer'}}}}]",15,,3,4825282,21,Sheffield Wednesday,10163,Derby County,10170,2025-12-15T20:00:00.000Z,0,3,,2.0,0.0,0.0,0.0,0.0,1.0,0.0,,,,0.0,3.0,0.0,1.0,,,,,1.0,,,0.0,0.0,,0.0,0.0,0.0,1.0,1.0,0.0,1.0,1.0,1.0,,0.0
Josh Vickers,600818,198508,10170,Derby County,True,[],31,,0,4825282,21,Sheffield Wednesday,10163,Derby County,10170,2025-12-15T20:00:00.000Z,0,3,,,,,,,,,,,,,,,,,,,,,,,,,,,,,,,,,,,,
Callum Elder,610270,168222,10170,Derby County,False,[],20,,2,4825282,21,Sheffield Wednesday,10163,Derby County,10170,2025-12-15T20:00:00.000Z,0,3,,,,,,,,,,,,,,,,,,,,,,,,,,,,,,,,,,,,
Kayden Jackson,612180,165509,10170,Derby County,False,"[{'title': 'Top stats', 'key': 'top_stats', 'stats': {'FotMob rating': {'key': 'rating_title', 'stat': {'value': 6.11, 'type': 'double'}}, 'Minutes played': {'key': 'minutes_played', 'stat': {'value': 10, 'type': 'integer'}}, 'Goals': {'key': 'goals', 'stat': {'value': 0, 'type': 'integer'}}, 'Assists': {'key': 'assists', 'stat': {'value': 0, 'type': 'integer'}}, 'Total shots': {'key': 'total_shots', 'stat': {'value': 1, 'type': 'integer'}}, 'Shotmap': {'key': None, 'stat': {'value': 1, 'type': 'boolean'}}, 'Accurate passes': {'key': 'accurate_passes', 'stat': {'value': 3, 'total': 3, 'type': 'fractionWithPercentage'}}, 'Chances created': {'key': 'chances_created', 'stat': {'value': 0, 'type': 'integer'}}, 'Expected goals (xG)': {'key': 'expected_goals', 'stat': {'value': 0.07, 'type': 'double'}}, 'Expected goals on target (xGOT)': {'key': 'expected_goals_on_target_variant', 'stat': {'value': 0.04, 'type': 'double'}}, 'xG + xA': {'key': 'xg_and_xa', 'stat': {'value': 0.07, 'type': 'double'}}, 'Defensive actions': {'key': 'defensive_actions', 'stat': {'value': 0, 'type': 'integer'}}}}, {'title': 'Attack', 'key': 'attack', 'stats': {'Shots on target': {'key': 'ShotsOnTarget', 'stat': {'value': 1, 'total': 1, 'type': 'fractionWithPercentage'}}, 'Touches': {'key': 'touches', 'stat': {'value': 7, 'type': 'integer'}}, 'Touches in opposition box': {'key': 'touches_opp_box', 'stat': {'value': 1, 'type': 'integer'}}, 'Accurate crosses': {'key': 'accurate_crosses', 'stat': {'value': 1, 'total': 1, 'type': 'fractionWithPercentage'}}, 'Dispossessed': {'key': 'dispossessed', 'stat': {'value': 1, 'type': 'integer'}}, 'xG Non-penalty': {'key': 'expected_goals_non_penalty', 'stat': {'value': 0.07, 'type': 'double'}}}}, {'title': 'Defense', 'key': 'defense', 'stats': {'Tackles': {'key': 'matchstats.headers.tackles', 'stat': {'value': 0, 'type': 'integer'}}, 'Blocks': {'key': 'shot_blocks', 'stat': {'value': 0, 'type': 'integer'}}, 'Clearances': {'key': 'clearances', 'stat': {'value': 0, 'type': 'integer'}}, 'Interceptions': {'key': 'interceptions', 'stat': {'value': 0, 'type': 'integer'}}, 'Recoveries': {'key': 'recoveries', 'stat': {'value': 3, 'type': 'integer'}}, 'Dribbled past': {'key': 'dribbled_past', 'stat': {'value': 1, 'type': 'integer'}}}}, {'title': 'Duels', 'key': 'duels', 'stats': {'Duels won': {'key': 'duel_won', 'stat': {'value': 1, 'type': 'integer'}, 'hideInPopupCard': True}, 'Duels lost': {'key': 'duel_lost', 'stat': {'value': 2, 'type': 'integer'}, 'hideInPopupCard': True}, 'Ground duels won': {'key': 'ground_duels_won', 'stat': {'value': 1, 'total': 3, 'type': 'fractionWithPercentage'}}, 'Aerial duels won': {'key': 'aerials_won', 'stat': {'value': 0, 'total': 0, 'type': 'fractionWithPercentage'}}, 'Was fouled': {'key': 'was_fouled', 'stat': {'value': 1, 'type': 'integer'}}, 'Fouls committed': {'key': 'fouls', 'stat': {'value': 0, 'type': 'integer'}}}}]",19,,3,4825282,21,Sheffield Wednesday,10163,Derby County,10170,2025-12-15T20:00:00.000Z,0,3,6.11,10.0,0.0,0.0,1.0,3.0,3.0,0.0,,0.07,,0.0,7.0,1.0,,1.0,1.0,,,1.0,,,0.0,0.0,,0.0,3.0,1.0,1.0,2.0,1.0,3.0,0.0,0.0,1.0,0.0
Joe Ward,613892,160584,10170,Derby County,False,"[{'title': 'Top stats', 'key': 'top_stats', 'stats': {'FotMob rating': {'key': 'rating_title', 'stat': {'value': 7.57, 'type': 'double'}}, 'Minutes played': {'key': 'minutes_played', 'stat': {'value': 90, 'type': 'integer'}}, 'Goals': {'key': 'goals', 'stat': {'value': 0, 'type': 'integer'}}, 'Assists': {'key': 'assists', 'stat': {'value': 0, 'type': 'integer'}}, 'Total shots': {'key': 'total_shots', 'stat': {'value': 1, 'type': 'integer'}}, 'Shotmap': {'key': None, 'stat': {'value': 1, 'type': 'boolean'}}, 'Accurate passes': {'key': 'accurate_passes', 'stat': {'value': 13, 'total': 20, 'type': 'fractionWithPercentage'}}, 'Chances created': {'key': 'chances_created', 'stat': {'value': 2, 'type': 'integer'}}, 'Expected goals (xG)': {'key': 'expected_goals', 'stat': {'value': 0.01, 'type': 'double'}}, 'Expected goals on target (xGOT)': {'key': 'expected_goals_on_target_variant', 'stat': {'type': 'double'}}, 'Expected assists (xA)': {'key': 'expected_assists', 'stat': {'value': 0.12, 'type': 'double'}}, 'xG + xA': {'key': 'xg_and_xa', 'stat': {'value': 0.13, 'type': 'double'}}, 'Defensive actions': {'key': 'defensive_actions', 'stat': {'value': 4, 'type': 'integer'}}}}, {'title': 'Attack', 'key': 'attack', 'stats': {'Shots on target': {'key': 'ShotsOnTarget', 'stat': {'value': 0, 'total': 1, 'type': 'fractionWithPercentage'}}, 'Touches': {'key': 'touches', 'stat': {'value': 40, 'type': 'integer'}}, 'Touches in opposition box': {'key': 'touches_opp_box', 'stat': {'value': 0, 'type': 'integer'}}, 'Passes into final third': {'key': 'passes_into_final_third', 'stat': {'value': 3, 'type': 'integer'}}, 'Accurate crosses': {'key': 'accurate_crosses', 'stat': {'value': 2, 'total': 8, 'type': 'fractionWithPercentage'}}, 'Accurate long balls': {'key': 'long_balls_accurate', 'stat': {'value': 0, 'total': 3, 'type': 'fractionWithPercentage'}}, 'Corners': {'key': 'corners', 'stat': {'value': 5, 'type': 'integer'}}, 'Dispossessed': {'key': 'dispossessed', 'stat': {'value': 0, 'type': 'integer'}}, 'xG Non-penalty': {'key': 'expected_goals_non_penalty', 'stat': {'value': 0.01, 'type': 'double'}}}}, {'title': 'Defense', 'key': 'defense', 'stats': {'Tackles': {'key': 'matchstats.headers.tackles', 'stat': {'value': 1, 'type': 'integer'}}, 'Blocks': {'key': 'shot_blocks', 'stat': {'value': 0, 'type': 'integer'}}, 'Clearances': {'key': 'clearances', 'stat': {'value': 1, 'type': 'integer'}}, 'Headed clearance': {'key': 'headed_clearance', 'stat': {'value': 1, 'type': 'integer'}}, 'Interceptions': {'key': 'interceptions', 'stat': {'value': 2, 'type': 'integer'}}, 'Recoveries': {'key': 'recoveries', 'stat': {'value': 4, 'type': 'integer'}}, 'Dribbled past': {'key': 'dribbled_past', 'stat': {'value': 3, 'type': 'integer'}}}}, {'title': 'Duels', 'key': 'duels', 'stats': {'Duels won': {'key': 'duel_won', 'stat': {'value': 7, 'type': 'integer'}, 'hideInPopupCard': True}, 'Duels lost': {'key': 'duel_lost', 'stat': {'value': 3, 'type': 'integer'}, 'hideInPopupCard': True}, 'Ground duels won': {'key': 'ground_duels_won', 'stat': {'value': 3, 'total': 6, 'type': 'fractionWithPercentage'}}, 'Aerial duels won': {'key': 'aerials_won', 'stat': {'value': 4, 'total': 4, 'type': 'fractionWithPercentage'}}, 'Was fouled': {'key': 'was_fouled', 'stat': {'value': 2, 'type': 'integer'}}, 'Fouls committed': {'key': 'fouls', 'stat': {'value': 0, 'type': 'integer'}}}}]",23,62,2,4825282,21,Sheffield Wednesday,10163,Derby County,10170,2025-12-15T20:00:00.000Z,0,3,7.57,90.0,0.0,0.0,1.0,13.0,20.0,2.0,0.12,0.13,,4.0,40.0,0.0,3.0,2.0,8.0,0.0,3.0,0.0,,,0.0,1.0,1.0,2.0,4.0,3.0,7.0,3.0,3.0,6.0,4.0,4.0,2.0,0.0
Ryan Nyambe,629924,198971,10170,Derby County,False,[],24,,1,4825282,21,Sheffield Wednesday,10163,Derby County,10170,2025-12-15T20:00:00.000Z,0,3,,,,,,,,,,,,,,,,,,,,,,,,,,,,,,,,,,,,
Svante Ingelsson,668793,193787,10163,Sheffield Wednesday,False,"[{'title': 'Top stats', 'key': 'top_stats', 'stats': {'FotMob rating': {'key': 'rating_title', 'stat': {'value': 5.44, 'type': 'double'}}, 'Minutes played': {'key': 'minutes_played', 'stat': {'value': 85, 'type': 'integer'}}, 'Goals': {'key': 'goals', 'stat': {'value': 0, 'type': 'integer'}}, 'Assists': {'key': 'assists', 'stat': {'value': 0, 'type': 'integer'}}, 'Total shots': {'key': 'total_shots', 'stat': {'value': 1, 'type': 'integer'}}, 'Shotmap': {'key': None, 'stat': {'value': 1, 'type': 'boolean'}}, 'Accurate passes': {'key': 'accurate_passes', 'stat': {'value': 33, 'total': 37, 'type': 'fractionWithPercentage'}}, 'Chances created': {'key': 'chances_created', 'stat': {'value': 0, 'type': 'integer'}}, 'Error led to goal': {'key': 'error_led_to_goal', 'stat': {'value': 1, 'type': 'integer'}}, 'Expected goals (xG)': {'key': 'expected_goals', 'stat': {'value': 0.02, 'type': 'double'}}, 'Expected goals on target (xGOT)': {'key': 'expected_goals_on_target_variant', 'stat': {'value': 0.04, 'type': 'double'}}, 'Expected assists (xA)': {'key': 'expected_assists', 'stat': {'value': 0.01, 'type': 'double'}}, 'xG + xA': {'key': 'xg_and_xa', 'stat': {'value': 0.03, 'type': 'double'}}, 'Defensive actions': {'key': 'defensive_actions', 'stat': {'value': 6, 'type': 'integer'}}}}, {'title': 'Attack', 'key': 'attack', 'stats': {'Shots on target': {'key': 'ShotsOnTarget', 'stat': {'value': 1, 'total': 1, 'type': 'fractionWithPercentage'}}, 'Touches': {'key': 'touches', 'stat': {'value': 58, 'type': 'integer'}}, 'Touches in opposition box': {'key': 'touches_opp_box', 'stat': {'value': 1, 'type': 'integer'}}, 'Successful dribbles': {'key': 'dribbles_succeeded', 'stat': {'value': 0, 'total': 2, 'type': 'fractionWithPercentage'}}, 'Passes into final third': {'key': 'passes_into_final_third', 'stat': {'value': 5, 'type': 'integer'}}, 'Accurate crosses': {'key': 'accurate_crosses', 'stat': {'value': 0, 'total': 2, 'type': 'fractionWithPercentage'}}, 'Accurate long balls': {'key': 'long_balls_accurate', 'stat': {'value': 1, 'total': 2, 'type': 'fractionWithPercentage'}}, 'Dispossessed': {'key': 'dispossessed', 'stat': {'value': 1, 'type': 'integer'}}, 'xG Non-penalty': {'key': 'expected_goals_non_penalty', 'stat': {'value': 0.02, 'type': 'double'}}}}, {'title': 'Defense', 'key': 'defense', 'stats': {'Tackles': {'key': 'matchstats.headers.tackles', 'stat': {'value': 4, 'type': 'integer'}}, 'Blocks': {'key': 'shot_blocks', 'stat': {'value': 0, 'type': 'integer'}}, 'Clearances': {'key': 'clearances', 'stat': {'value': 1, 'type': 'integer'}}, 'Headed clearance': {'key': 'headed_clearance', 'stat': {'value': 1, 'type': 'integer'}}, 'Interceptions': {'key': 'interceptions', 'stat': {'value': 1, 'type': 'integer'}}, 'Recoveries': {'key': 'recoveries', 'stat': {'value': 3, 'type': 'integer'}}, 'Dribbled past': {'key': 'dribbled_past', 'stat': {'value': 1, 'type': 'integer'}}}}, {'title': 'Duels', 'key': 'duels', 'stats': {'Duels won': {'key': 'duel_won', 'stat': {'value': 6, 'type': 'integer'}, 'hideInPopupCard': True}, 'Duels lost': {'key': 'duel_lost', 'stat': {'value': 8, 'type': 'integer'}, 'hideInPopupCard': True}, 'Ground duels won': {'key': 'ground_duels_won', 'stat': {'value': 5, 'total': 10, 'type': 'fractionWithPercentage'}}, 'Aerial duels won': {'key': 'aerials_won', 'stat': {'value': 1, 'total': 4, 'type': 'fractionWithPercentage'}}, 'Was fouled': {'key': 'was_fouled', 'stat': {'value': 1, 'type': 'integer'}}, 'Fouls committed': {'key': 'fouls', 'stat': {'value': 1, 'type': 'integer'}}}}]",8,77,2,4825282,21,Sheffield Wednesday,10163,Derby County,10170,2025-12-15T20:00:00.000Z,0,3,5.44,85.0,0.0,0.0,1.0,33.0,37.0,0.0,0.01,0.03,,6.0,58.0,1.0,5.0,0.0,2.0,1.0,2.0,1.0,,,0.0,1.0,1.0,1.0,3.0,1.0,6.0,8.0,5.0,10.0,1.0,4.0,1.0,1.0
Corey Blackett-Taylor,672487,184478,10170,Derby County,False,[],11,,2,4825282,21,Sheffield Wednesday,10163,Derby County,10170,2025-12-15T20:00:00.000Z,0,3,,,,,,,,,,,,,,,,,,,,,,,,,,,,,,,,,,,,
Ike Ugbo,759823,181913,10163,Sheffield Wednesday,False,"[{'title': 'Top stats', 'key': 'top_stats', 'stats': {'Minutes played': {'key': 'minutes_played', 'stat': {'value': 5, 'type': 'integer'}}, 'Goals': {'key': 'goals', 'stat': {'value': 0, 'type': 'integer'}}, 'Assists': {'key': 'assists', 'stat': {'value': 0, 'type': 'integer'}}, 'Total shots': {'key': 'total_shots', 'stat': {'value': 0, 'type': 'integer'}}, 'Shotmap': {'key': None, 'stat': {'value': 0, 'type': 'boolean'}}, 'Accurate passes': {'key': 'accurate_passes', 'stat': {'value': 2, 'total': 2, 'type': 'fractionWithPercentage'}}, 'Chances created': {'key': 'chances_created', 'stat': {'value': 0, 'type': 'integer'}}, 'Defensive actions': {'key': 'defensive_actions', 'stat': {'value': 0, 'type': 'integer'}}}}, {'title': 'Attack', 'key': 'attack', 'stats': {'Touches': {'key': 'touches', 'stat': {'value': 2, 'type': 'integer'}}, 'Touches in opposition box': {'key': 'touches_opp_box', 'stat': {'value': 0, 'type': 'integer'}}, 'Dispossessed': {'key': 'dispossessed', 'stat': {'value': 0, 'type': 'integer'}}}}, {'title': 'Defense', 'key': 'defense', 'stats': {'Tackles': {'key': 'matchstats.headers.tackles', 'stat': {'value': 0, 'type': 'integer'}}, 'Blocks': {'key': 'shot_blocks', 'stat': {'value': 0, 'type': 'integer'}}, 'Clearances': {'key': 'clearances', 'stat': {'value': 0, 'type': 'integer'}}, 'Interceptions': {'key': 'interceptions', 'stat': {'value': 0, 'type': 'integer'}}, 'Recoveries': {'key': 'recoveries', 'stat': {'value': 0, 'type': 'integer'}}, 'Dribbled past': {'key': 'dribbled_past', 'stat': {'value': 0, 'type': 'integer'}}}}, {'title': 'Duels', 'key': 'duels', 'stats': {'Aerial duels won': {'key': 'aerials_won', 'stat': {'value': 0, 'total': 0, 'type': 'fractionWithPercentage'}}, 'Was fouled': {'key': 'was_fouled', 'stat': {'type': 'integer'}}, 'Fouls committed': {'key': 'fouls', 'stat': {'value': 0, 'type': 'integer'}}}}]",11,,3,4825282,21,Sheffield Wednesday,10163,Derby County,10170,2025-12-15T20:00:00.000Z,0,3,,5.0,0.0,0.0,0.0,2.0,2.0,0.0,,,,0.0,2.0,0.0,,,,,,0.0,,,0.0,0.0,,0.0,0.0,0.0,,,,,0.0,0.0,,0.0
Ben Brereton Diaz,820581,204814,10170,Derby County,False,"[{'title': 'Top stats', 'key': 'top_stats', 'stats': {'FotMob rating': {'key': 'rating_title', 'stat': {'value': 7.01, 'type': 'double'}}, 'Minutes played': {'key': 'minutes_played', 'stat': {'value': 80, 'type': 'integer'}}, 'Goals': {'key': 'goals', 'stat': {'value': 0, 'type': 'integer'}}, 'Assists': {'key': 'assists', 'stat': {'value': 0, 'type': 'integer'}}, 'Total shots': {'key': 'total_shots', 'stat': {'value': 2, 'type': 'integer'}}, 'Shotmap': {'key': None, 'stat': {'value': 1, 'type': 'boolean'}}, 'Accurate passes': {'key': 'accurate_passes', 'stat': {'value': 14, 'total': 19, 'type': 'fractionWithPercentage'}}, 'Chances created': {'key': 'chances_created', 'stat': {'value': 2, 'type': 'integer'}}, 'Expected goals (xG)': {'key': 'expected_goals', 'stat': {'value': 0.27, 'type': 'double'}}, 'Expected goals on target (xGOT)': {'key': 'expected_goals_on_target_variant', 'stat': {'value': 0.12, 'type': 'double'}}, 'Expected assists (xA)': {'key': 'expected_assists', 'stat': {'value': 0.15, 'type': 'double'}}, 'xG + xA': {'key': 'xg_and_xa', 'stat': {'value': 0.42000000000000004, 'type': 'double'}}, 'Defensive actions': {'key': 'defensive_actions', 'stat': {'value': 0, 'type': 'integer'}}}}, {'title': 'Attack', 'key': 'attack', 'stats': {'Shots on target': {'key': 'ShotsOnTarget', 'stat': {'value': 1, 'total': 2, 'type': 'fractionWithPercentage'}}, 'Touches': {'key': 'touches', 'stat': {'value': 23, 'type': 'integer'}}, 'Touches in opposition box': {'key': 'touches_opp_box', 'stat': {'value': 2, 'type': 'integer'}}, 'Passes into final third': {'key': 'passes_into_final_third', 'stat': {'value': 3, 'type': 'integer'}}, 'Accurate long balls': {'key': 'long_balls_accurate', 'stat': {'value': 0, 'total': 1, 'type': 'fractionWithPercentage'}}, 'Offsides': {'key': 'Offsides', 'stat': {'value': 1, 'type': 'integer'}}, 'Dispossessed': {'key': 'dispossessed', 'stat': {'value': 0, 'type': 'integer'}}, 'xG Non-penalty': {'key': 'expected_goals_non_penalty', 'stat': {'value': 0.27, 'type': 'double'}}}}, {'title': 'Defense', 'key': 'defense', 'stats': {'Tackles': {'key': 'matchstats.headers.tackles', 'stat': {'value': 0, 'type': 'integer'}}, 'Blocks': {'key': 'shot_blocks', 'stat': {'value': 0, 'type': 'integer'}}, 'Clearances': {'key': 'clearances', 'stat': {'value': 0, 'type': 'integer'}}, 'Interceptions': {'key': 'interceptions', 'stat': {'value': 0, 'type': 'integer'}}, 'Recoveries': {'key': 'recoveries', 'stat': {'value': 2, 'type': 'integer'}}, 'Dribbled past': {'key': 'dribbled_past', 'stat': {'value': 1, 'type': 'integer'}}}}, {'title': 'Duels', 'key': 'duels', 'stats': {'Duels lost': {'key': 'duel_lost', 'stat': {'value': 3, 'type': 'integer'}, 'hideInPopupCard': True}, 'Ground duels won': {'key': 'ground_duels_won', 'stat': {'value': 0, 'total': 3, 'type': 'fractionWithPercentage'}}, 'Aerial duels won': {'key': 'aerials_won', 'stat': {'value': 0, 'total': 0, 'type': 'fractionWithPercentage'}}, 'Was fouled': {'key': 'was_fouled', 'stat': {'type': 'integer'}}, 'Fouls committed': {'key': 'fouls', 'stat': {'value': 2, 'type': 'integer'}}}}]",25,104,3,4825282,21,Sheffield Wednesday,10163,Derby County,10170,2025-12-15T20:00:00.000Z,0,3,7.01,80.0,0.0,0.0,2.0,14.0,19.0,2.0,0.15,0.42000000000000004,,0.0,23.0,2.0,3.0,,,0.0,1.0,0.0,,,0.0,0.0,,0.0,2.0,1.0,,3.0,0.0,3.0,0.0,0.0,,2.0
Rhian Brewster,841150,195473,10170,Derby County,False,"[{'title': 'Top stats', 'key': 'top_stats', 'stats': {'FotMob rating': {'key': 'rating_title', 'stat': {'value': 6.79, 'type': 'double'}}, 'Minutes played': {'key': 'minutes_played', 'stat': {'value': 66, 'type': 'integer'}}, 'Goals': {'key': 'goals', 'stat': {'value': 0, 'type': 'integer'}}, 'Assists': {'key': 'assists', 'stat': {'value': 0, 'type': 'integer'}}, 'Total shots': {'key': 'total_shots', 'stat': {'value': 2, 'type': 'integer'}}, 'Shotmap': {'key': None, 'stat': {'value': 1, 'type': 'boolean'}}, 'Accurate passes': {'key': 'accurate_passes', 'stat': {'value': 16, 'total': 22, 'type': 'fractionWithPercentage'}}, 'Chances created': {'key': 'chances_created', 'stat': {'value': 1, 'type': 'integer'}}, 'Expected goals (xG)': {'key': 'expected_goals', 'stat': {'value': 0.15, 'type': 'double'}}, 'Expected goals on target (xGOT)': {'key': 'expected_goals_on_target_variant', 'stat': {'type': 'double'}}, 'Expected assists (xA)': {'key': 'expected_assists', 'stat': {'value': 0.02, 'type': 'double'}}, 'xG + xA': {'key': 'xg_and_xa', 'stat': {'value': 0.16999999999999998, 'type': 'double'}}, 'Defensive actions': {'key': 'defensive_actions', 'stat': {'value': 0, 'type': 'integer'}}}}, {'title': 'Attack', 'key': 'attack', 'stats': {'Shots on target': {'key': 'ShotsOnTarget', 'stat': {'value': 0, 'total': 2, 'type': 'fractionWithPercentage'}}, 'Blocked shots': {'key': 'blocked_shots', 'stat': {'value': 1, 'type': 'integer'}}, 'Touches': {'key': 'touches', 'stat': {'value': 33, 'type': 'integer'}}, 'Touches in opposition box': {'key': 'touches_opp_box', 'stat': {'value': 3, 'type': 'integer'}}, 'Successful dribbles': {'key': 'dribbles_succeeded', 'stat': {'value': 2, 'total': 3, 'type': 'fractionWithPercentage'}}, 'Passes into final third': {'key': 'passes_into_final_third', 'stat': {'value': 4, 'type': 'integer'}}, 'Accurate long balls': {'key': 'long_balls_accurate', 'stat': {'value': 1, 'total': 2, 'type': 'fractionWithPercentage'}}, 'Dispossessed': {'key': 'dispossessed', 'stat': {'value': 2, 'type': 'integer'}}, 'xG Non-penalty': {'key': 'expected_goals_non_penalty', 'stat': {'value': 0.15, 'type': 'double'}}}}, {'title': 'Defense', 'key': 'defense', 'stats': {'Tackles': {'key': 'matchstats.headers.tackles', 'stat': {'value': 0, 'type': 'integer'}}, 'Blocks': {'key': 'shot_blocks', 'stat': {'value': 0, 'type': 'integer'}}, 'Clearances': {'key': 'clearances', 'stat': {'value': 0, 'type': 'integer'}}, 'Interceptions': {'key': 'interceptions', 'stat': {'value': 0, 'type': 'integer'}}, 'Recoveries': {'key': 'recoveries', 'stat': {'value': 4, 'type': 'integer'}}, 'Dribbled past': {'key': 'dribbled_past', 'stat': {'value': 0, 'type': 'integer'}}}}, {'title': 'Duels', 'key': 'duels', 'stats': {'Duels won': {'key': 'duel_won', 'stat': {'value': 2, 'type': 'integer'}, 'hideInPopupCard': True}, 'Duels lost': {'key': 'duel_lost', 'stat': {'value': 6, 'type': 'integer'}, 'hideInPopupCard': True}, 'Ground duels won': {'key': 'ground_duels_won', 'stat': {'value': 2, 'total': 6, 'type': 'fractionWithPercentage'}}, 'Aerial duels won': {'key': 'aerials_won', 'stat': {'value': 0, 'total': 2, 'type': 'fractionWithPercentage'}}, 'Was fouled': {'key': 'was_fouled', 'stat': {'type': 'integer'}}, 'Fouls committed': {'key': 'fouls', 'stat': {'value': 1, 'type': 'integer'}}}}]",10,85,2,4825282,21,Sheffield Wednesday,10163,Derby County,10170,2025-12-15T20:00:00.000Z,0,3,6.79,66.0,0.0,0.0,2.0,16.0,22.0,1.0,0.02,0.16999999999999998,,0.0,33.0,3.0,4.0,,,1.0,2.0,2.0,,,0.0,0.0,,0.0,4.0,0.0,2.0,6.0,2.0,6.0,0.0,2.0,,1.0
Jacob Widell ZetterstrÃ¶m,1014602,479393,10170,Derby County,True,"[{'title': 'Top stats', 'key': 'top_stats', 'stats': {'FotMob rating': {'key': 'rating_title', 'stat': {'value': 7.9, 'type': 'double'}}, 'Minutes played': {'key': 'minutes_played', 'stat': {'value': 90, 'type': 'integer'}}, 'Saves': {'key': 'saves', 'stat': {'value': 1, 'type': 'integer'}}, 'Goals conceded': {'key': 'goals_conceded', 'stat': {'value': 0, 'type': 'integer'}}, 'xGOT faced': {'key': 'expected_goals_on_target_faced', 'stat': {'value': 0.04, 'type': 'double'}}, 'Goals prevented': {'key': 'goals_prevented', 'stat': {'value': 0.04, 'type': 'double'}}, 'Shotmap': {'key': None, 'stat': {'value': 1, 'type': 'boolean'}}, 'Accurate passes': {'key': 'accurate_passes', 'stat': {'value': 18, 'total': 28, 'type': 'fractionWithPercentage'}}, 'Accurate long balls': {'key': 'long_balls_accurate', 'stat': {'value': 4, 'total': 14, 'type': 'fractionWithPercentage'}}, 'Acted as sweeper': {'key': 'keeper_sweeper', 'stat': {'value': 1, 'type': 'integer'}}, 'High claim': {'key': 'keeper_high_claim', 'stat': {'value': 2, 'type': 'integer'}}, 'Diving save': {'key': 'keeper_diving_save', 'stat': {'value': 0, 'type': 'integer'}}, 'Saves inside box': {'key': 'saves_inside_box', 'stat': {'value': 1, 'type': 'integer'}}, 'Punches': {'key': 'punches', 'stat': {'value': 1, 'type': 'integer'}}, 'Throws': {'key': 'player_throws', 'stat': {'value': 4, 'type': 'integer'}}, 'Recoveries': {'key': 'recoveries', 'stat': {'value': 10, 'type': 'integer'}}, 'Touches': {'key': 'touches', 'stat': {'value': 37, 'type': 'integer'}}, 'Was fouled': {'key': 'was_fouled', 'stat': {'type': 'integer'}, 'hideInPopupCard': True}, 'Fouls committed': {'key': 'fouls', 'stat': {'value': 0, 'type': 'integer'}, 'hideInPopupCard': True}, 'Tackles': {'key': 'matchstats.headers.tackles', 'stat': {'value': 0, 'type': 'integer'}, 'hideInPopupCard': True}, 'Passes into final third': {'key': 'passes_into_final_third', 'stat': {'value': 3, 'type': 'integer'}, 'hideInPopupCard': True}, 'Interceptions': {'key': 'interceptions', 'stat': {'value': 0, 'type': 'integer'}, 'hideInPopupCard': True}, 'Clearances': {'key': 'clearances', 'stat': {'value': 2, 'type': 'integer'}, 'hideInPopupCard': True}, 'Defensive actions': {'key': 'defensive_actions', 'stat': {'value': 2, 'type': 'integer'}, 'hideInPopupCard': True}}}]",1,11,0,4825282,21,Sheffield Wednesday,10163,Derby County,10170,2025-12-15T20:00:00.000Z,0,3,7.9,90.0,,,,18.0,28.0,,,,,2.0,,,,,,,,,,,,,,,,,,,,,,,,
Dion Sanderson,1070973,225000,10170,Derby County,False,"[{'title': 'Top stats', 'key': 'top_stats', 'stats': {'FotMob rating': {'key': 'rating_title', 'stat': {'value': 7.42, 'type': 'double'}}, 'Minutes played': {'key': 'minutes_played', 'stat': {'value': 90, 'type': 'integer'}}, 'Goals': {'key': 'goals', 'stat': {'value': 0, 'type': 'integer'}}, 'Assists': {'key': 'assists', 'stat': {'value': 0, 'type': 'integer'}}, 'Total shots': {'key': 'total_shots', 'stat': {'value': 0, 'type': 'integer'}}, 'Shotmap': {'key': None, 'stat': {'value': 0, 'type': 'boolean'}}, 'Accurate passes': {'key': 'accurate_passes', 'stat': {'value': 29, 'total': 34, 'type': 'fractionWithPercentage'}}, 'Chances created': {'key': 'chances_created', 'stat': {'value': 0, 'type': 'integer'}}, 'Defensive actions': {'key': 'defensive_actions', 'stat': {'value': 11, 'type': 'integer'}}}}, {'title': 'Attack', 'key': 'attack', 'stats': {'Touches': {'key': 'touches', 'stat': {'value': 49, 'type': 'integer'}}, 'Touches in opposition box': {'key': 'touches_opp_box', 'stat': {'value': 0, 'type': 'integer'}}, 'Passes into final third': {'key': 'passes_into_final_third', 'stat': {'value': 2, 'type': 'integer'}}, 'Accurate long balls': {'key': 'long_balls_accurate', 'stat': {'value': 0, 'total': 3, 'type': 'fractionWithPercentage'}}, 'Dispossessed': {'key': 'dispossessed', 'stat': {'value': 0, 'type': 'integer'}}}}, {'title': 'Defense', 'key': 'defense', 'stats': {'Tackles': {'key': 'matchstats.headers.tackles', 'stat': {'value': 4, 'type': 'integer'}}, 'Blocks': {'key': 'shot_blocks', 'stat': {'value': 0, 'type': 'integer'}}, 'Clearances': {'key': 'clearances', 'stat': {'value': 6, 'type': 'integer'}}, 'Headed clearance': {'key': 'headed_clearance', 'stat': {'value': 2, 'type': 'integer'}}, 'Interceptions': {'key': 'interceptions', 'stat': {'value': 1, 'type': 'integer'}}, 'Recoveries': {'key': 'recoveries', 'stat': {'value': 1, 'type': 'integer'}}, 'Dribbled past': {'key': 'dribbled_past', 'stat': {'value': 0, 'type': 'integer'}}}}, {'title': 'Duels', 'key': 'duels', 'stats': {'Duels won': {'key': 'duel_won', 'stat': {'value': 6, 'type': 'integer'}, 'hideInPopupCard': True}, 'Duels lost': {'key': 'duel_lost', 'stat': {'value': 2, 'type': 'integer'}, 'hideInPopupCard': True}, 'Ground duels won': {'key': 'ground_duels_won', 'stat': {'value': 4, 'total': 5, 'type': 'fractionWithPercentage'}}, 'Aerial duels won': {'key': 'aerials_won', 'stat': {'value': 2, 'total': 3, 'type': 'fractionWithPercentage'}}, 'Was fouled': {'key': 'was_fouled', 'stat': {'type': 'integer'}}, 'Fouls committed': {'key': 'fouls', 'stat': {'value': 1, 'type': 'integer'}}}}]",28,35,1,4825282,21,Sheffield Wednesday,10163,Derby County,10170,2025-12-15T20:00:00.000Z,0,3,7.42,90.0,0.0,0.0,0.0,29.0,34.0,0.0,,,,11.0,49.0,0.0,2.0,,,0.0,3.0,0.0,,,0.0,6.0,2.0,1.0,1.0,0.0,6.0,2.0,4.0,5.0,2.0,3.0,,1.0
Liam Thompson,1123933,448484,10170,Derby County,False,"[{'title': 'Top stats', 'key': 'top_stats', 'stats': {'FotMob rating': {'key': 'rating_title', 'stat': {'value': 7.88, 'type': 'double'}}, 'Minutes played': {'key': 'minutes_played', 'stat': {'value': 90, 'type': 'integer'}}, 'Goals': {'key': 'goals', 'stat': {'value': 1, 'type': 'integer'}}, 'Assists': {'key': 'assists', 'stat': {'value': 0, 'type': 'integer'}}, 'Total shots': {'key': 'total_shots', 'stat': {'value': 1, 'type': 'integer'}}, 'Shotmap': {'key': None, 'stat': {'value': 1, 'type': 'boolean'}}, 'Accurate passes': {'key': 'accurate_passes', 'stat': {'value': 36, 'total': 42, 'type': 'fractionWithPercentage'}}, 'Chances created': {'key': 'chances_created', 'stat': {'value': 0, 'type': 'integer'}}, 'Expected goals (xG)': {'key': 'expected_goals', 'stat': {'value': 0.11, 'type': 'double'}}, 'Expected goals on target (xGOT)': {'key': 'expected_goals_on_target_variant', 'stat': {'value': 0.76, 'type': 'double'}}, 'Expected assists (xA)': {'key': 'expected_assists', 'stat': {'value': 0.03, 'type': 'double'}}, 'xG + xA': {'key': 'xg_and_xa', 'stat': {'value': 0.14, 'type': 'double'}}, 'Defensive actions': {'key': 'defensive_actions', 'stat': {'value': 5, 'type': 'integer'}}}}, {'title': 'Attack', 'key': 'attack', 'stats': {'Shots on target': {'key': 'ShotsOnTarget', 'stat': {'value': 1, 'total': 1, 'type': 'fractionWithPercentage'}}, 'Touches': {'key': 'touches', 'stat': {'value': 54, 'type': 'integer'}}, 'Touches in opposition box': {'key': 'touches_opp_box', 'stat': {'value': 1, 'type': 'integer'}}, 'Successful dribbles': {'key': 'dribbles_succeeded', 'stat': {'value': 0, 'total': 1, 'type': 'fractionWithPercentage'}}, 'Passes into final third': {'key': 'passes_into_final_third', 'stat': {'value': 4, 'type': 'integer'}}, 'Accurate long balls': {'key': 'long_balls_accurate', 'stat': {'value': 1, 'total': 2, 'type': 'fractionWithPercentage'}}, 'Dispossessed': {'key': 'dispossessed', 'stat': {'value': 1, 'type': 'integer'}}, 'xG Non-penalty': {'key': 'expected_goals_non_penalty', 'stat': {'value': 0.11, 'type': 'double'}}}}, {'title': 'Defense', 'key': 'defense', 'stats': {'Tackles': {'key': 'matchstats.headers.tackles', 'stat': {'value': 0, 'type': 'integer'}}, 'Blocks': {'key': 'shot_blocks', 'stat': {'value': 1, 'type': 'integer'}}, 'Clearances': {'key': 'clearances', 'stat': {'value': 2, 'type': 'integer'}}, 'Interceptions': {'key': 'interceptions', 'stat': {'value': 2, 'type': 'integer'}}, 'Recoveries': {'key': 'recoveries', 'stat': {'value': 4, 'type': 'integer'}}, 'Dribbled past': {'key': 'dribbled_past', 'stat': {'value': 0, 'type': 'integer'}}}}, {'title': 'Duels', 'key': 'duels', 'stats': {'Duels won': {'key': 'duel_won', 'stat': {'value': 1, 'type': 'integer'}, 'hideInPopupCard': True}, 'Duels lost': {'key': 'duel_lost', 'stat': {'value': 3, 'type': 'integer'}, 'hideInPopupCard': True}, 'Ground duels won': {'key': 'ground_duels_won', 'stat': {'value': 0, 'total': 3, 'type': 'fractionWithPercentage'}}, 'Aerial duels won': {'key': 'aerials_won', 'stat': {'value': 1, 'total': 1, 'type': 'fractionWithPercentage'}}, 'Was fouled': {'key': 'was_fouled', 'stat': {'type': 'integer'}}, 'Fouls committed': {'key': 'fouls', 'stat': {'value': 1, 'type': 'integer'}}}}]",16,66,2,4825282,21,Sheffield Wednesday,10163,Derby County,10170,2025-12-15T20:00:00.000Z,0,3,7.88,90.0,1.0,0.0,1.0,36.0,42.0,0.0,0.03,0.14,,5.0,54.0,1.0,4.0,,,1.0,2.0,1.0,,,1.0,2.0,,2.0,4.0,0.0,1.0,3.0,0.0,3.0,1.0,1.0,,1.0
Sondre Klingen LangÃ¥s,1127585,584398,10170,Derby County,False,"[{'title': 'Top stats', 'key': 'top_stats', 'stats': {'FotMob rating': {'key': 'rating_title', 'stat': {'value': 7.31, 'type': 'double'}}, 'Minutes played': {'key': 'minutes_played', 'stat': {'value': 90, 'type': 'integer'}}, 'Goals': {'key': 'goals', 'stat': {'value': 0, 'type': 'integer'}}, 'Assists': {'key': 'assists', 'stat': {'value': 0, 'type': 'integer'}}, 'Total shots': {'key': 'total_shots', 'stat': {'value': 0, 'type': 'integer'}}, 'Shotmap': {'key': None, 'stat': {'value': 0, 'type': 'boolean'}}, 'Accurate passes': {'key': 'accurate_passes', 'stat': {'value': 29, 'total': 36, 'type': 'fractionWithPercentage'}}, 'Chances created': {'key': 'chances_created', 'stat': {'value': 0, 'type': 'integer'}}, 'Expected assists (xA)': {'key': 'expected_assists', 'stat': {'value': 0.01, 'type': 'double'}}, 'xG + xA': {'key': 'xg_and_xa', 'stat': {'value': 0.01, 'type': 'double'}}, 'Defensive actions': {'key': 'defensive_actions', 'stat': {'value': 7, 'type': 'integer'}}}}, {'title': 'Attack', 'key': 'attack', 'stats': {'Touches': {'key': 'touches', 'stat': {'value': 54, 'type': 'integer'}}, 'Touches in opposition box': {'key': 'touches_opp_box', 'stat': {'value': 1, 'type': 'integer'}}, 'Passes into final third': {'key': 'passes_into_final_third', 'stat': {'value': 1, 'type': 'integer'}}, 'Accurate long balls': {'key': 'long_balls_accurate', 'stat': {'value': 1, 'total': 3, 'type': 'fractionWithPercentage'}}, 'Dispossessed': {'key': 'dispossessed', 'stat': {'value': 0, 'type': 'integer'}}}}, {'title': 'Defense', 'key': 'defense', 'stats': {'Tackles': {'key': 'matchstats.headers.tackles', 'stat': {'value': 2, 'type': 'integer'}}, 'Blocks': {'key': 'shot_blocks', 'stat': {'value': 0, 'type': 'integer'}}, 'Clearances': {'key': 'clearances', 'stat': {'value': 3, 'type': 'integer'}}, 'Headed clearance': {'key': 'headed_clearance', 'stat': {'value': 3, 'type': 'integer'}}, 'Interceptions': {'key': 'interceptions', 'stat': {'value': 2, 'type': 'integer'}}, 'Recoveries': {'key': 'recoveries', 'stat': {'value': 3, 'type': 'integer'}}, 'Dribbled past': {'key': 'dribbled_past', 'stat': {'value': 0, 'type': 'integer'}}}}, {'title': 'Duels', 'key': 'duels', 'stats': {'Duels won': {'key': 'duel_won', 'stat': {'value': 4, 'type': 'integer'}, 'hideInPopupCard': True}, 'Duels lost': {'key': 'duel_lost', 'stat': {'value': 3, 'type': 'integer'}, 'hideInPopupCard': True}, 'Ground duels won': {'key': 'ground_duels_won', 'stat': {'value': 3, 'total': 3, 'type': 'fractionWithPercentage'}}, 'Aerial duels won': {'key': 'aerials_won', 'stat': {'value': 1, 'total': 4, 'type': 'fractionWithPercentage'}}, 'Was fouled': {'key': 'was_fouled', 'stat': {'value': 1, 'type': 'integer'}}, 'Fouls committed': {'key': 'fouls', 'stat': {'value': 0, 'type': 'integer'}}}}]",6,33,1,4825282,21,Sheffield Wednesday,10163,Derby County,10170,2025-12-15T20:00:00.000Z,0,3,7.31,90.0,0.0,0.0,0.0,29.0,36.0,0.0,0.01,0.01,,7.0,54.0,1.0,1.0,,,1.0,3.0,0.0,,,0.0,3.0,3.0,2.0,3.0,0.0,4.0,3.0,3.0,3.0,1.0,4.0,1.0,0.0
Charlie McNeill,1137393,462437,10163,Sheffield Wednesday,False,"[{'title': 'Top stats', 'key': 'top_stats', 'stats': {'FotMob rating': {'key': 'rating_title', 'stat': {'value': 6.57, 'type': 'double'}}, 'Minutes played': {'key': 'minutes_played', 'stat': {'value': 90, 'type': 'integer'}}, 'Goals': {'key': 'goals', 'stat': {'value': 0, 'type': 'integer'}}, 'Assists': {'key': 'assists', 'stat': {'value': 0, 'type': 'integer'}}, 'Total shots': {'key': 'total_shots', 'stat': {'value': 0, 'type': 'integer'}}, 'Shotmap': {'key': None, 'stat': {'value': 0, 'type': 'boolean'}}, 'Accurate passes': {'key': 'accurate_passes', 'stat': {'value': 24, 'total': 31, 'type': 'fractionWithPercentage'}}, 'Chances created': {'key': 'chances_created', 'stat': {'value': 1, 'type': 'integer'}}, 'Expected assists (xA)': {'key': 'expected_assists', 'stat': {'value': 0.02, 'type': 'double'}}, 'xG + xA': {'key': 'xg_and_xa', 'stat': {'value': 0.02, 'type': 'double'}}, 'Defensive actions': {'key': 'defensive_actions', 'stat': {'value': 1, 'type': 'integer'}}}}, {'title': 'Attack', 'key': 'attack', 'stats': {'Touches': {'key': 'touches', 'stat': {'value': 42, 'type': 'integer'}}, 'Touches in opposition box': {'key': 'touches_opp_box', 'stat': {'value': 0, 'type': 'integer'}}, 'Successful dribbles': {'key': 'dribbles_succeeded', 'stat': {'value': 2, 'total': 3, 'type': 'fractionWithPercentage'}}, 'Passes into final third': {'key': 'passes_into_final_third', 'stat': {'value': 3, 'type': 'integer'}}, 'Accurate crosses': {'key': 'accurate_crosses', 'stat': {'value': 0, 'total': 2, 'type': 'fractionWithPercentage'}}, 'Accurate long balls': {'key': 'long_balls_accurate', 'stat': {'value': 2, 'total': 3, 'type': 'fractionWithPercentage'}}, 'Corners': {'key': 'corners', 'stat': {'value': 1, 'type': 'integer'}}, 'Dispossessed': {'key': 'dispossessed', 'stat': {'value': 0, 'type': 'integer'}}}}, {'title': 'Defense', 'key': 'defense', 'stats': {'Tackles': {'key': 'matchstats.headers.tackles', 'stat': {'value': 1, 'type': 'integer'}}, 'Blocks': {'key': 'shot_blocks', 'stat': {'value': 0, 'type': 'integer'}}, 'Clearances': {'key': 'clearances', 'stat': {'value': 0, 'type': 'integer'}}, 'Interceptions': {'key': 'interceptions', 'stat': {'value': 0, 'type': 'integer'}}, 'Recoveries': {'key': 'recoveries', 'stat': {'value': 2, 'type': 'integer'}}, 'Dribbled past': {'key': 'dribbled_past', 'stat': {'value': 1, 'type': 'integer'}}}}, {'title': 'Duels', 'key': 'duels', 'stats': {'Duels won': {'key': 'duel_won', 'stat': {'value': 4, 'type': 'integer'}, 'hideInPopupCard': True}, 'Duels lost': {'key': 'duel_lost', 'stat': {'value': 5, 'type': 'integer'}, 'hideInPopupCard': True}, 'Ground duels won': {'key': 'ground_duels_won', 'stat': {'value': 4, 'total': 8, 'type': 'fractionWithPercentage'}}, 'Aerial duels won': {'key': 'aerials_won', 'stat': {'value': 0, 'total': 1, 'type': 'fractionWithPercentage'}}, 'Was fouled': {'key': 'was_fouled', 'stat': {'value': 1, 'type': 'integer'}}, 'Fouls committed': {'key': 'fouls', 'stat': {'value': 2, 'type': 'integer'}}}}]",17,73,2,4825282,21,Sheffield Wednesday,10163,Derby County,10170,2025-12-15T20:00:00.000Z,0,3,6.57,90.0,0.0,0.0,0.0,24.0,31.0,1.0,0.02,0.02,,1.0,42.0,0.0,3.0,0.0,2.0,2.0,3.0,0.0,,,0.0,0.0,,0.0,2.0,1.0,4.0,5.0,4.0,8.0,0.0,1.0,1.0,2.0
Bobby Clark,1296625,491970,10170,Derby County,False,"[{'title': 'Top stats', 'key': 'top_stats', 'stats': {'FotMob rating': {'key': 'rating_title', 'stat': {'value': 8.2, 'type': 'double'}}, 'Minutes played': {'key': 'minutes_played', 'stat': {'value': 80, 'type': 'integer'}}, 'Goals': {'key': 'goals', 'stat': {'value': 0, 'type': 'integer'}}, 'Assists': {'key': 'assists', 'stat': {'value': 1, 'type': 'integer'}}, 'Total shots': {'key': 'total_shots', 'stat': {'value': 1, 'type': 'integer'}}, 'Shotmap': {'key': None, 'stat': {'value': 1, 'type': 'boolean'}}, 'Accurate passes': {'key': 'accurate_passes', 'stat': {'value': 26, 'total': 32, 'type': 'fractionWithPercentage'}}, 'Chances created': {'key': 'chances_created', 'stat': {'value': 1, 'type': 'integer'}}, 'Expected goals (xG)': {'key': 'expected_goals', 'stat': {'value': 0.11, 'type': 'double'}}, 'Expected goals on target (xGOT)': {'key': 'expected_goals_on_target_variant', 'stat': {'type': 'double'}}, 'Expected assists (xA)': {'key': 'expected_assists', 'stat': {'value': 0.09, 'type': 'double'}}, 'xG + xA': {'key': 'xg_and_xa', 'stat': {'value': 0.2, 'type': 'double'}}, 'Defensive actions': {'key': 'defensive_actions', 'stat': {'value': 4, 'type': 'integer'}}}}, {'title': 'Attack', 'key': 'attack', 'stats': {'Shots on target': {'key': 'ShotsOnTarget', 'stat': {'value': 0, 'total': 1, 'type': 'fractionWithPercentage'}}, 'Touches': {'key': 'touches', 'stat': {'value': 49, 'type': 'integer'}}, 'Touches in opposition box': {'key': 'touches_opp_box', 'stat': {'value': 1, 'type': 'integer'}}, 'Successful dribbles': {'key': 'dribbles_succeeded', 'stat': {'value': 1, 'total': 1, 'type': 'fractionWithPercentage'}}, 'Passes into final third': {'key': 'passes_into_final_third', 'stat': {'value': 2, 'type': 'integer'}}, 'Accurate crosses': {'key': 'accurate_crosses', 'stat': {'value': 1, 'total': 3, 'type': 'fractionWithPercentage'}}, 'Accurate long balls': {'key': 'long_balls_accurate', 'stat': {'value': 3, 'total': 3, 'type': 'fractionWithPercentage'}}, 'Dispossessed': {'key': 'dispossessed', 'stat': {'value': 2, 'type': 'integer'}}, 'xG Non-penalty': {'key': 'expected_goals_non_penalty', 'stat': {'value': 0.11, 'type': 'double'}}}}, {'title': 'Defense', 'key': 'defense', 'stats': {'Tackles': {'key': 'matchstats.headers.tackles', 'stat': {'value': 4, 'type': 'integer'}}, 'Blocks': {'key': 'shot_blocks', 'stat': {'value': 0, 'type': 'integer'}}, 'Clearances': {'key': 'clearances', 'stat': {'value': 0, 'type': 'integer'}}, 'Interceptions': {'key': 'interceptions', 'stat': {'value': 0, 'type': 'integer'}}, 'Recoveries': {'key': 'recoveries', 'stat': {'value': 11, 'type': 'integer'}}, 'Dribbled past': {'key': 'dribbled_past', 'stat': {'value': 2, 'type': 'integer'}}}}, {'title': 'Duels', 'key': 'duels', 'stats': {'Duels won': {'key': 'duel_won', 'stat': {'value': 8, 'type': 'integer'}, 'hideInPopupCard': True}, 'Duels lost': {'key': 'duel_lost', 'stat': {'value': 6, 'type': 'integer'}, 'hideInPopupCard': True}, 'Ground duels won': {'key': 'ground_duels_won', 'stat': {'value': 7, 'total': 12, 'type': 'fractionWithPercentage'}}, 'Aerial duels won': {'key': 'aerials_won', 'stat': {'value': 1, 'total': 2, 'type': 'fractionWithPercentage'}}, 'Was fouled': {'key': 'was_fouled', 'stat': {'value': 2, 'type': 'integer'}}, 'Fouls committed': {'key': 'fouls', 'stat': {'value': 1, 'type': 'integer'}}}}]",42,64,2,4825282,21,Sheffield Wednesday,10163,Derby County,10170,2025-12-15T20:00:00.000Z,0,3,8.2,80.0,0.0,1.0,1.0,26.0,32.0,1.0,0.09,0.2,,4.0,49.0,1.0,2.0,1.0,3.0,3.0,3.0,2.0,,,0.0,0.0,,0.0,11.0,2.0,8.0,6.0,7.0,12.0,1.0,2.0,2.0,1.0
Pierce Charles,1420144,530330,10163,Sheffield Wednesday,True,"[{'title': 'Top stats', 'key': 'top_stats', 'stats': {'FotMob rating': {'key': 'rating_title', 'stat': {'value': 5.77, 'type': 'double'}}, 'Minutes played': {'key': 'minutes_played', 'stat': {'value': 90, 'type': 'integer'}}, 'Saves': {'key': 'saves', 'stat': {'value': 4, 'type': 'integer'}}, 'Goals conceded': {'key': 'goals_conceded', 'stat': {'value': 3, 'type': 'integer'}}, 'xGOT faced': {'key': 'expected_goals_on_target_faced', 'stat': {'value': 2.05, 'type': 'double'}}, 'Goals prevented': {'key': 'goals_prevented', 'stat': {'value': -0.95, 'type': 'double'}}, 'Shotmap': {'key': None, 'stat': {'value': 1, 'type': 'boolean'}}, 'Accurate passes': {'key': 'accurate_passes', 'stat': {'value': 43, 'total': 63, 'type': 'fractionWithPercentage'}}, 'Accurate long balls': {'key': 'long_balls_accurate', 'stat': {'value': 2, 'total': 21, 'type': 'fractionWithPercentage'}}, 'Acted as sweeper': {'key': 'keeper_sweeper', 'stat': {'value': 1, 'type': 'integer'}}, 'High claim': {'key': 'keeper_high_claim', 'stat': {'value': 2, 'type': 'integer'}}, 'Diving save': {'key': 'keeper_diving_save', 'stat': {'value': 3, 'type': 'integer'}}, 'Saves inside box': {'key': 'saves_inside_box', 'stat': {'value': 4, 'type': 'integer'}}, 'Punches': {'key': 'punches', 'stat': {'value': 0, 'type': 'integer'}}, 'Throws': {'key': 'player_throws', 'stat': {'value': 3, 'type': 'integer'}}, 'Recoveries': {'key': 'recoveries', 'stat': {'value': 10, 'type': 'integer'}}, 'Touches': {'key': 'touches', 'stat': {'value': 73, 'type': 'integer'}}, 'Duels won': {'key': 'duel_won', 'stat': {'value': 1, 'type': 'integer'}, 'hideInPopupCard': True}, 'Ground duels won': {'key': 'ground_duels_won', 'stat': {'value': 1, 'total': 1, 'type': 'fractionWithPercentage'}}, 'Was fouled': {'key': 'was_fouled', 'stat': {'value': 1, 'type': 'integer'}, 'hideInPopupCard': True}, 'Fouls committed': {'key': 'fouls', 'stat': {'value': 0, 'type': 'integer'}, 'hideInPopupCard': True}, 'Tackles': {'key': 'matchstats.headers.tackles', 'stat': {'value': 0, 'type': 'integer'}, 'hideInPopupCard': True}, 'Passes into final third': {'key': 'passes_into_final_third', 'stat': {'value': 14, 'type': 'integer'}, 'hideInPopupCard': True}, 'Interceptions': {'key': 'interceptions', 'stat': {'value': 0, 'type': 'integer'}, 'hideInPopupCard': True}, 'Clearances': {'key': 'clearances', 'stat': {'value': 0, 'type': 'integer'}, 'hideInPopupCard': True}, 'Defensive actions': {'key': 'defensive_actions', 'stat': {'value': 0, 'type': 'integer'}, 'hideInPopupCard': True}}}]",1,11,0,4825282,21,Sheffield Wednesday,10163,Derby County,10170,2025-12-15T20:00:00.000Z,0,3,5.77,90.0,,,,43.0,63.0,,,,,0.0,,,,,,,,,,,,,,,,,,,,,,,,
Bailey Cadamarteri,1420266,563826,10163,Sheffield Wednesday,False,"[{'title': 'Top stats', 'key': 'top_stats', 'stats': {'FotMob rating': {'key': 'rating_title', 'stat': {'value': 5.7, 'type': 'double'}}, 'Minutes played': {'key': 'minutes_played', 'stat': {'value': 62, 'type': 'integer'}}, 'Goals': {'key': 'goals', 'stat': {'value': 0, 'type': 'integer'}}, 'Assists': {'key': 'assists', 'stat': {'value': 0, 'type': 'integer'}}, 'Total shots': {'key': 'total_shots', 'stat': {'value': 0, 'type': 'integer'}}, 'Shotmap': {'key': None, 'stat': {'value': 0, 'type': 'boolean'}}, 'Accurate passes': {'key': 'accurate_passes', 'stat': {'value': 2, 'total': 4, 'type': 'fractionWithPercentage'}}, 'Chances created': {'key': 'chances_created', 'stat': {'value': 0, 'type': 'integer'}}, 'Defensive actions': {'key': 'defensive_actions', 'stat': {'value': 1, 'type': 'integer'}}}}, {'title': 'Attack', 'key': 'attack', 'stats': {'Touches': {'key': 'touches', 'stat': {'value': 12, 'type': 'integer'}}, 'Touches in opposition box': {'key': 'touches_opp_box', 'stat': {'value': 2, 'type': 'integer'}}, 'Successful dribbles': {'key': 'dribbles_succeeded', 'stat': {'value': 0, 'total': 1, 'type': 'fractionWithPercentage'}}, 'Dispossessed': {'key': 'dispossessed', 'stat': {'value': 1, 'type': 'integer'}}}}, {'title': 'Defense', 'key': 'defense', 'stats': {'Tackles': {'key': 'matchstats.headers.tackles', 'stat': {'value': 0, 'type': 'integer'}}, 'Blocks': {'key': 'shot_blocks', 'stat': {'value': 0, 'type': 'integer'}}, 'Clearances': {'key': 'clearances', 'stat': {'value': 1, 'type': 'integer'}}, 'Headed clearance': {'key': 'headed_clearance', 'stat': {'value': 1, 'type': 'integer'}}, 'Interceptions': {'key': 'interceptions', 'stat': {'value': 0, 'type': 'integer'}}, 'Recoveries': {'key': 'recoveries', 'stat': {'value': 1, 'type': 'integer'}}, 'Dribbled past': {'key': 'dribbled_past', 'stat': {'value': 0, 'type': 'integer'}}}}, {'title': 'Duels', 'key': 'duels', 'stats': {'Duels won': {'key': 'duel_won', 'stat': {'value': 2, 'type': 'integer'}, 'hideInPopupCard': True}, 'Duels lost': {'key': 'duel_lost', 'stat': {'value': 6, 'type': 'integer'}, 'hideInPopupCard': True}, 'Ground duels won': {'key': 'ground_duels_won', 'stat': {'value': 1, 'total': 3, 'type': 'fractionWithPercentage'}}, 'Aerial duels won': {'key': 'aerials_won', 'stat': {'value': 1, 'total': 5, 'type': 'fractionWithPercentage'}}, 'Was fouled': {'key': 'was_fouled', 'stat': {'value': 1, 'type': 'integer'}}, 'Fouls committed': {'key': 'fouls', 'stat': {'value': 0, 'type': 'integer'}}}}]",18,104,3,4825282,21,Sheffield Wednesday,10163,Derby County,10170,2025-12-15T20:00:00.000Z,0,3,5.7,62.0,0.0,0.0,0.0,2.0,4.0,0.0,,,,1.0,12.0,2.0,,,,,,1.0,,,0.0,1.0,1.0,0.0,1.0,0.0,2.0,6.0,1.0,3.0,1.0,5.0,1.0,0.0
Harry Amass,1430832,577974,10163,Sheffield Wednesday,False,"[{'title': 'Top stats', 'key': 'top_stats', 'stats': {'FotMob rating': {'key': 'rating_title', 'stat': {'value': 6.21, 'type': 'double'}}, 'Minutes played': {'key': 'minutes_played', 'stat': {'value': 89, 'type': 'integer'}}, 'Goals': {'key': 'goals', 'stat': {'value': 0, 'type': 'integer'}}, 'Assists': {'key': 'assists', 'stat': {'value': 0, 'type': 'integer'}}, 'Total shots': {'key': 'total_shots', 'stat': {'value': 0, 'type': 'integer'}}, 'Shotmap': {'key': None, 'stat': {'value': 0, 'type': 'boolean'}}, 'Accurate passes': {'key': 'accurate_passes', 'stat': {'value': 33, 'total': 39, 'type': 'fractionWithPercentage'}}, 'Chances created': {'key': 'chances_created', 'stat': {'value': 0, 'type': 'integer'}}, 'Expected assists (xA)': {'key': 'expected_assists', 'stat': {'value': 0.02, 'type': 'double'}}, 'xG + xA': {'key': 'xg_and_xa', 'stat': {'value': 0.02, 'type': 'double'}}, 'Defensive actions': {'key': 'defensive_actions', 'stat': {'value': 2, 'type': 'integer'}}}}, {'title': 'Attack', 'key': 'attack', 'stats': {'Touches': {'key': 'touches', 'stat': {'value': 54, 'type': 'integer'}}, 'Touches in opposition box': {'key': 'touches_opp_box', 'stat': {'value': 0, 'type': 'integer'}}, 'Successful dribbles': {'key': 'dribbles_succeeded', 'stat': {'value': 1, 'total': 2, 'type': 'fractionWithPercentage'}}, 'Passes into final third': {'key': 'passes_into_final_third', 'stat': {'value': 3, 'type': 'integer'}}, 'Accurate crosses': {'key': 'accurate_crosses', 'stat': {'value': 0, 'total': 2, 'type': 'fractionWithPercentage'}}, 'Accurate long balls': {'key': 'long_balls_accurate', 'stat': {'value': 0, 'total': 1, 'type': 'fractionWithPercentage'}}, 'Dispossessed': {'key': 'dispossessed', 'stat': {'value': 1, 'type': 'integer'}}}}, {'title': 'Defense', 'key': 'defense', 'stats': {'Tackles': {'key': 'matchstats.headers.tackles', 'stat': {'value': 1, 'type': 'integer'}}, 'Blocks': {'key': 'shot_blocks', 'stat': {'value': 0, 'type': 'integer'}}, 'Clearances': {'key': 'clearances', 'stat': {'value': 1, 'type': 'integer'}}, 'Headed clearance': {'key': 'headed_clearance', 'stat': {'value': 1, 'type': 'integer'}}, 'Interceptions': {'key': 'interceptions', 'stat': {'value': 0, 'type': 'integer'}}, 'Recoveries': {'key': 'recoveries', 'stat': {'value': 6, 'type': 'integer'}}, 'Dribbled past': {'key': 'dribbled_past', 'stat': {'value': 0, 'type': 'integer'}}}}, {'title': 'Duels', 'key': 'duels', 'stats': {'Duels won': {'key': 'duel_won', 'stat': {'value': 3, 'type': 'integer'}, 'hideInPopupCard': True}, 'Duels lost': {'key': 'duel_lost', 'stat': {'value': 8, 'type': 'integer'}, 'hideInPopupCard': True}, 'Ground duels won': {'key': 'ground_duels_won', 'stat': {'value': 2, 'total': 6, 'type': 'fractionWithPercentage'}}, 'Aerial duels won': {'key': 'aerials_won', 'stat': {'value': 1, 'total': 5, 'type': 'fractionWithPercentage'}}, 'Was fouled': {'key': 'was_fouled', 'stat': {'type': 'integer'}}, 'Fouls committed': {'key': 'fouls', 'stat': {'value': 2, 'type': 'integer'}}}}]",12,79,2,4825282,21,Sheffield Wednesday,10163,Derby County,10170,2025-12-15T20:00:00.000Z,0,3,6.21,89.0,0.0,0.0,0.0,33.0,39.0,0.0,0.02,0.02,,2.0,54.0,0.0,3.0,0.0,2.0,0.0,1.0,1.0,,,0.0,1.0,1.0,0.0,6.0,0.0,3.0,8.0,2.0,6.0,1.0,5.0,,2.0
Sean Fusire,1437876,563822,10163,Sheffield Wednesday,False,"[{'title': 'Top stats', 'key': 'top_stats', 'stats': {'FotMob rating': {'key': 'rating_title', 'stat': {'value': 6.62, 'type': 'double'}}, 'Minutes played': {'key': 'minutes_played', 'stat': {'value': 90, 'type': 'integer'}}, 'Goals': {'key': 'goals', 'stat': {'value': 0, 'type': 'integer'}}, 'Assists': {'key': 'assists', 'stat': {'value': 0, 'type': 'integer'}}, 'Total shots': {'key': 'total_shots', 'stat': {'value': 2, 'type': 'integer'}}, 'Shotmap': {'key': None, 'stat': {'value': 1, 'type': 'boolean'}}, 'Accurate passes': {'key': 'accurate_passes', 'stat': {'value': 22, 'total': 28, 'type': 'fractionWithPercentage'}}, 'Chances created': {'key': 'chances_created', 'stat': {'value': 0, 'type': 'integer'}}, 'Expected goals (xG)': {'key': 'expected_goals', 'stat': {'value': 0.1, 'type': 'double'}}, 'Expected goals on target (xGOT)': {'key': 'expected_goals_on_target_variant', 'stat': {'type': 'double'}}, 'Expected assists (xA)': {'key': 'expected_assists', 'stat': {'value': 0.01, 'type': 'double'}}, 'xG + xA': {'key': 'xg_and_xa', 'stat': {'value': 0.11, 'type': 'double'}}, 'Defensive actions': {'key': 'defensive_actions', 'stat': {'value': 5, 'type': 'integer'}}}}, {'title': 'Attack', 'key': 'attack', 'stats': {'Shots on target': {'key': 'ShotsOnTarget', 'stat': {'value': 0, 'total': 2, 'type': 'fractionWithPercentage'}}, 'Blocked shots': {'key': 'blocked_shots', 'stat': {'value': 1, 'type': 'integer'}}, 'Touches': {'key': 'touches', 'stat': {'value': 52, 'type': 'integer'}}, 'Touches in opposition box': {'key': 'touches_opp_box', 'stat': {'value': 1, 'type': 'integer'}}, 'Successful dribbles': {'key': 'dribbles_succeeded', 'stat': {'value': 3, 'total': 5, 'type': 'fractionWithPercentage'}}, 'Passes into final third': {'key': 'passes_into_final_third', 'stat': {'value': 2, 'type': 'integer'}}, 'Accurate crosses': {'key': 'accurate_crosses', 'stat': {'value': 0, 'total': 1, 'type': 'fractionWithPercentage'}}, 'Accurate long balls': {'key': 'long_balls_accurate', 'stat': {'value': 0, 'total': 1, 'type': 'fractionWithPercentage'}}, 'Dispossessed': {'key': 'dispossessed', 'stat': {'value': 2, 'type': 'integer'}}, 'xG Non-penalty': {'key': 'expected_goals_non_penalty', 'stat': {'value': 0.1, 'type': 'double'}}}}, {'title': 'Defense', 'key': 'defense', 'stats': {'Tackles': {'key': 'matchstats.headers.tackles', 'stat': {'value': 3, 'type': 'integer'}}, 'Blocks': {'key': 'shot_blocks', 'stat': {'value': 0, 'type': 'integer'}}, 'Clearances': {'key': 'clearances', 'stat': {'value': 1, 'type': 'integer'}}, 'Interceptions': {'key': 'interceptions', 'stat': {'value': 1, 'type': 'integer'}}, 'Recoveries': {'key': 'recoveries', 'stat': {'value': 7, 'type': 'integer'}}, 'Dribbled past': {'key': 'dribbled_past', 'stat': {'value': 0, 'type': 'integer'}}}}, {'title': 'Duels', 'key': 'duels', 'stats': {'Duels won': {'key': 'duel_won', 'stat': {'value': 6, 'type': 'integer'}, 'hideInPopupCard': True}, 'Duels lost': {'key': 'duel_lost', 'stat': {'value': 6, 'type': 'integer'}, 'hideInPopupCard': True}, 'Ground duels won': {'key': 'ground_duels_won', 'stat': {'value': 6, 'total': 10, 'type': 'fractionWithPercentage'}}, 'Aerial duels won': {'key': 'aerials_won', 'stat': {'value': 0, 'total': 2, 'type': 'fractionWithPercentage'}}, 'Was fouled': {'key': 'was_fouled', 'stat': {'type': 'integer'}}, 'Fouls committed': {'key': 'fouls', 'stat': {'value': 0, 'type': 'integer'}}}}]",4,71,2,4825282,21,Sheffield Wednesday,10163,Derby County,10170,2025-12-15T20:00:00.000Z,0,3,6.62,90.0,0.0,0.0,2.0,22.0,28.0,0.0,0.01,0.11,,5.0,52.0,1.0,2.0,0.0,1.0,0.0,1.0,2.0,,,0.0,1.0,,1.0,7.0,0.0,6.0,6.0,6.0,10.0,0.0,2.0,,0.0
Patrick Agyemang,1439800,612345,10170,Derby County,False,"[{'title': 'Top stats', 'key': 'top_stats', 'stats': {'FotMob rating': {'key': 'rating_title', 'stat': {'value': 8.84, 'type': 'double'}}, 'Minutes played': {'key': 'minutes_played', 'stat': {'value': 88, 'type': 'integer'}}, 'Goals': {'key': 'goals', 'stat': {'value': 2, 'type': 'integer'}}, 'Assists': {'key': 'assists', 'stat': {'value': 0, 'type': 'integer'}}, 'Total shots': {'key': 'total_shots', 'stat': {'value': 4, 'type': 'integer'}}, 'Shotmap': {'key': None, 'stat': {'value': 1, 'type': 'boolean'}}, 'Accurate passes': {'key': 'accurate_passes', 'stat': {'value': 15, 'total': 19, 'type': 'fractionWithPercentage'}}, 'Chances created': {'key': 'chances_created', 'stat': {'value': 0, 'type': 'integer'}}, 'Expected goals (xG)': {'key': 'expected_goals', 'stat': {'value': 0.68, 'type': 'double'}}, 'Expected goals on target (xGOT)': {'key': 'expected_goals_on_target_variant', 'stat': {'value': 1.11, 'type': 'double'}}, 'Expected assists (xA)': {'key': 'expected_assists', 'stat': {'value': 0.02, 'type': 'double'}}, 'xG + xA': {'key': 'xg_and_xa', 'stat': {'value': 0.7000000000000001, 'type': 'double'}}, 'Defensive actions': {'key': 'defensive_actions', 'stat': {'value': 1, 'type': 'integer'}}}}, {'title': 'Attack', 'key': 'attack', 'stats': {'Shots on target': {'key': 'ShotsOnTarget', 'stat': {'value': 3, 'total': 4, 'type': 'fractionWithPercentage'}}, 'Big chances missed': {'key': 'big_chance_missed_title', 'stat': {'value': 1, 'type': 'integer'}}, 'Blocked shots': {'key': 'blocked_shots', 'stat': {'value': 1, 'type': 'integer'}}, 'Touches': {'key': 'touches', 'stat': {'value': 39, 'type': 'integer'}}, 'Touches in opposition box': {'key': 'touches_opp_box', 'stat': {'value': 9, 'type': 'integer'}}, 'Successful dribbles': {'key': 'dribbles_succeeded', 'stat': {'value': 1, 'total': 6, 'type': 'fractionWithPercentage'}}, 'Passes into final third': {'key': 'passes_into_final_third', 'stat': {'value': 4, 'type': 'integer'}}, 'Dispossessed': {'key': 'dispossessed', 'stat': {'value': 2, 'type': 'integer'}}, 'xG Non-penalty': {'key': 'expected_goals_non_penalty', 'stat': {'value': 0.68, 'type': 'double'}}}}, {'title': 'Defense', 'key': 'defense', 'stats': {'Tackles': {'key': 'matchstats.headers.tackles', 'stat': {'value': 1, 'type': 'integer'}}, 'Blocks': {'key': 'shot_blocks', 'stat': {'value': 0, 'type': 'integer'}}, 'Clearances': {'key': 'clearances', 'stat': {'value': 0, 'type': 'integer'}}, 'Interceptions': {'key': 'interceptions', 'stat': {'value': 0, 'type': 'integer'}}, 'Recoveries': {'key': 'recoveries', 'stat': {'value': 6, 'type': 'integer'}}, 'Dribbled past': {'key': 'dribbled_past', 'stat': {'value': 0, 'type': 'integer'}}}}, {'title': 'Duels', 'key': 'duels', 'stats': {'Duels won': {'key': 'duel_won', 'stat': {'value': 8, 'type': 'integer'}, 'hideInPopupCard': True}, 'Duels lost': {'key': 'duel_lost', 'stat': {'value': 13, 'type': 'integer'}, 'hideInPopupCard': True}, 'Ground duels won': {'key': 'ground_duels_won', 'stat': {'value': 5, 'total': 13, 'type': 'fractionWithPercentage'}}, 'Aerial duels won': {'key': 'aerials_won', 'stat': {'value': 3, 'total': 8, 'type': 'fractionWithPercentage'}}, 'Was fouled': {'key': 'was_fouled', 'stat': {'value': 3, 'type': 'integer'}}, 'Fouls committed': {'key': 'fouls', 'stat': {'value': 1, 'type': 'integer'}}}}]",7,106,3,4825282,21,Sheffield Wednesday,10163,Derby County,10170,2025-12-15T20:00:00.000Z,0,3,8.84,88.0,2.0,0.0,4.0,15.0,19.0,0.0,0.02,0.7000000000000001,,1.0,39.0,9.0,4.0,,,,,2.0,,,0.0,0.0,,0.0,6.0,0.0,8.0,13.0,5.0,13.0,3.0,8.0,3.0,1.0
Gabriel Otegbayo,1668969,662051,10163,Sheffield Wednesday,False,"[{'title': 'Top stats', 'key': 'top_stats', 'stats': {'Minutes played': {'key': 'minutes_played', 'stat': {'value': 5, 'type': 'integer'}}, 'Goals': {'key': 'goals', 'stat': {'value': 0, 'type': 'integer'}}, 'Assists': {'key': 'assists', 'stat': {'value': 0, 'type': 'integer'}}, 'Total shots': {'key': 'total_shots', 'stat': {'value': 0, 'type': 'integer'}}, 'Shotmap': {'key': None, 'stat': {'value': 0, 'type': 'boolean'}}, 'Accurate passes': {'key': 'accurate_passes', 'stat': {'value': 5, 'total': 5, 'type': 'fractionWithPercentage'}}, 'Chances created': {'key': 'chances_created', 'stat': {'value': 0, 'type': 'integer'}}, 'Expected assists (xA)': {'key': 'expected_assists', 'stat': {'value': 0.01, 'type': 'double'}}, 'xG + xA': {'key': 'xg_and_xa', 'stat': {'value': 0.01, 'type': 'double'}}, 'Defensive actions': {'key': 'defensive_actions', 'stat': {'value': 1, 'type': 'integer'}}}}, {'title': 'Attack', 'key': 'attack', 'stats': {'Touches': {'key': 'touches', 'stat': {'value': 6, 'type': 'integer'}}, 'Touches in opposition box': {'key': 'touches_opp_box', 'stat': {'value': 0, 'type': 'integer'}}, 'Passes into final third': {'key': 'passes_into_final_third', 'stat': {'value': 2, 'type': 'integer'}}, 'Dispossessed': {'key': 'dispossessed', 'stat': {'value': 0, 'type': 'integer'}}}}, {'title': 'Defense', 'key': 'defense', 'stats': {'Tackles': {'key': 'matchstats.headers.tackles', 'stat': {'value': 0, 'type': 'integer'}}, 'Blocks': {'key': 'shot_blocks', 'stat': {'value': 0, 'type': 'integer'}}, 'Clearances': {'key': 'clearances', 'stat': {'value': 1, 'type': 'integer'}}, 'Interceptions': {'key': 'interceptions', 'stat': {'value': 0, 'type': 'integer'}}, 'Recoveries': {'key': 'recoveries', 'stat': {'value': 0, 'type': 'integer'}}, 'Dribbled past': {'key': 'dribbled_past', 'stat': {'value': 0, 'type': 'integer'}}}}, {'title': 'Duels', 'key': 'duels', 'stats': {'Aerial duels won': {'key': 'aerials_won', 'stat': {'value': 0, 'total': 0, 'type': 'fractionWithPercentage'}}, 'Was fouled': {'key': 'was_fouled', 'stat': {'type': 'integer'}}, 'Fouls committed': {'key': 'fouls', 'stat': {'value': 0, 'type': 'integer'}}}}]",22,,1,4825282,21,Sheffield Wednesday,10163,Derby County,10170,2025-12-15T20:00:00.000Z,0,3,,5.0,0.0,0.0,0.0,5.0,5.0,0.0,0.01,0.01,,1.0,6.0,0.0,2.0,,,,,0.0,,,0.0,1.0,,0.0,0.0,0.0,,,,,0.0,0.0,,0.0
Reece Johnson,1797874,703611,10163,Sheffield Wednesday,False,[],27,,2,4825282,21,Sheffield Wednesday,10163,Derby County,10170,2025-12-15T20:00:00.000Z,0,3,,,,,,,,,,,,,,,,,,,,,,,,,,,,,,,,,,,,
Jarvis Thornton,1799263,563829,10163,Sheffield Wednesday,False,[],37,,2,4825282,21,Sheffield Wednesday,10163,Derby County,10170,2025-12-15T20:00:00.000Z,0,3,,,,,,,,,,,,,,,,,,,,,,,,,,,,,,,,,,,,
Yisa Alao,1799269,704368,10163,Sheffield Wednesday,False,"[{'title': 'Top stats', 'key': 'top_stats', 'stats': {'Minutes played': {'key': 'minutes_played', 'stat': {'value': 1, 'type': 'integer'}}, 'Goals': {'key': 'goals', 'stat': {'value': 0, 'type': 'integer'}}, 'Assists': {'key': 'assists', 'stat': {'value': 0, 'type': 'integer'}}, 'Total shots': {'key': 'total_shots', 'stat': {'value': 0, 'type': 'integer'}}, 'Shotmap': {'key': None, 'stat': {'value': 0, 'type': 'boolean'}}, 'Accurate passes': {'key': 'accurate_passes', 'stat': {'value': 2, 'total': 2, 'type': 'fractionWithPercentage'}}, 'Chances created': {'key': 'chances_created', 'stat': {'value': 0, 'type': 'integer'}}, 'Defensive actions': {'key': 'defensive_actions', 'stat': {'value': 0, 'type': 'integer'}}}}, {'title': 'Attack', 'key': 'attack', 'stats': {'Touches': {'key': 'touches', 'stat': {'value': 3, 'type': 'integer'}}, 'Touches in opposition box': {'key': 'touches_opp_box', 'stat': {'value': 0, 'type': 'integer'}}, 'Dispossessed': {'key': 'dispossessed', 'stat': {'value': 0, 'type': 'integer'}}}}, {'title': 'Defense', 'key': 'defense', 'stats': {'Tackles': {'key': 'matchstats.headers.tackles', 'stat': {'value': 0, 'type': 'integer'}}, 'Blocks': {'key': 'shot_blocks', 'stat': {'value': 0, 'type': 'integer'}}, 'Clearances': {'key': 'clearances', 'stat': {'value': 0, 'type': 'integer'}}, 'Interceptions': {'key': 'interceptions', 'stat': {'value': 0, 'type': 'integer'}}, 'Recoveries': {'key': 'recoveries', 'stat': {'value': 1, 'type': 'integer'}}, 'Dribbled past': {'key': 'dribbled_past', 'stat': {'value': 0, 'type': 'integer'}}}}, {'title': 'Duels', 'key': 'duels', 'stats': {'Duels lost': {'key': 'duel_lost', 'stat': {'value': 1, 'type': 'integer'}, 'hideInPopupCard': True}, 'Ground duels won': {'key': 'ground_duels_won', 'stat': {'value': 0, 'total': 1, 'type': 'fractionWithPercentage'}}, 'Aerial duels won': {'key': 'aerials_won', 'stat': {'value': 0, 'total': 0, 'type': 'fractionWithPercentage'}}, 'Was fouled': {'key': 'was_fouled', 'stat': {'type': 'integer'}}, 'Fouls committed': {'key': 'fouls', 'stat': {'value': 1, 'type': 'integer'}}}}]",33,,1,4825282,21,Sheffield Wednesday,10163,Derby County,10170,2025-12-15T20:00:00.000Z,0,3,,1.0,0.0,0.0,0.0,2.0,2.0,0.0,,,,0.0,3.0,0.0,,,,,,0.0,,,0.0,0.0,,0.0,1.0,0.0,,1.0,0.0,1.0,0.0,0.0,,1.0
George Brown,1800413,704733,10163,Sheffield Wednesday,False,"[{'title': 'Top stats', 'key': 'top_stats', 'stats': {'FotMob rating': {'key': 'rating_title', 'stat': {'value': 5.56, 'type': 'double'}}, 'Minutes played': {'key': 'minutes_played', 'stat': {'value': 28, 'type': 'integer'}}, 'Goals': {'key': 'goals', 'stat': {'value': 0, 'type': 'integer'}}, 'Assists': {'key': 'assists', 'stat': {'value': 0, 'type': 'integer'}}, 'Total shots': {'key': 'total_shots', 'stat': {'value': 0, 'type': 'integer'}}, 'Shotmap': {'key': None, 'stat': {'value': 0, 'type': 'boolean'}}, 'Accurate passes': {'key': 'accurate_passes', 'stat': {'value': 5, 'total': 6, 'type': 'fractionWithPercentage'}}, 'Chances created': {'key': 'chances_created', 'stat': {'value': 0, 'type': 'integer'}}, 'Expected assists (xA)': {'key': 'expected_assists', 'stat': {'value': 0.01, 'type': 'double'}}, 'xG + xA': {'key': 'xg_and_xa', 'stat': {'value': 0.01, 'type': 'double'}}, 'Defensive actions': {'key': 'defensive_actions', 'stat': {'value': 0, 'type': 'integer'}}}}, {'title': 'Attack', 'key': 'attack', 'stats': {'Touches': {'key': 'touches', 'stat': {'value': 12, 'type': 'integer'}}, 'Touches in opposition box': {'key': 'touches_opp_box', 'stat': {'value': 1, 'type': 'integer'}}, 'Successful dribbles': {'key': 'dribbles_succeeded', 'stat': {'value': 0, 'total': 2, 'type': 'fractionWithPercentage'}}, 'Dispossessed': {'key': 'dispossessed', 'stat': {'value': 3, 'type': 'integer'}}}}, {'title': 'Defense', 'key': 'defense', 'stats': {'Tackles': {'key': 'matchstats.headers.tackles', 'stat': {'value': 0, 'type': 'integer'}}, 'Blocks': {'key': 'shot_blocks', 'stat': {'value': 0, 'type': 'integer'}}, 'Clearances': {'key': 'clearances', 'stat': {'value': 0, 'type': 'integer'}}, 'Interceptions': {'key': 'interceptions', 'stat': {'value': 0, 'type': 'integer'}}, 'Recoveries': {'key': 'recoveries', 'stat': {'value': 1, 'type': 'integer'}}, 'Dribbled past': {'key': 'dribbled_past', 'stat': {'value': 0, 'type': 'integer'}}}}, {'title': 'Duels', 'key': 'duels', 'stats': {'Duels won': {'key': 'duel_won', 'stat': {'value': 1, 'type': 'integer'}, 'hideInPopupCard': True}, 'Duels lost': {'key': 'duel_lost', 'stat': {'value': 5, 'type': 'integer'}, 'hideInPopupCard': True}, 'Ground duels won': {'key': 'ground_duels_won', 'stat': {'value': 0, 'total': 5, 'type': 'fractionWithPercentage'}}, 'Aerial duels won': {'key': 'aerials_won', 'stat': {'value': 1, 'total': 1, 'type': 'fractionWithPercentage'}}, 'Was fouled': {'key': 'was_fouled', 'stat': {'type': 'integer'}}, 'Fouls committed': {'key': 'fouls', 'stat': {'value': 0, 'type': 'integer'}}}}]",29,,3,4825282,21,Sheffield Wednesday,10163,Derby County,10170,2025-12-15T20:00:00.000Z,0,3,5.56,28.0,0.0,0.0,0.0,5.0,6.0,0.0,0.01,0.01,,0.0,12.0,1.0,,,,,,3.0,,,0.0,0.0,,0.0,1.0,0.0,1.0,5.0,0.0,5.0,1.0,1.0,,0.0
