reactKey,timeStr,type,time,overloadTime,eventId,player,homeScore,awayScore,profileUrl,overloadTimeStr,isHome,ownGoal,goalDescription,goalDescriptionKey,suffix,suffixKey,isPenaltyShootoutEvent,nameStr,firstName,lastName,fullName,playerId,newScore,penShootoutScore,shotmapEvent,assistStr,assistProfileUrl,goal_scorer,matchRound,HomeTeamId
1297105855Goal1113816undefinedtrue,55,Goal,55,,12971058,"{'id': 1113816, 'name': 'Jay Stansfield', 'profileUrl': '/players/1113816/jay-stansfield'}",0,0,/players/1113816/jay-stansfield,False,True,,,,,,False,Jay Stansfield,Jay,Stansfield,Jay Stansfield,1113816,"[1, 0]",,"{'id': 2832725405, 'eventType': 'Goal', 'teamId': 8658, 'playerId': 1113816, 'playerName': 'Jay Stansfield', 'x': 97.7631578942, 'y': 33.161249999999995, 'min': 55, 'minAdded': None, 'isBlocked': False, 'isOnTarget': True, 'blockedX': None, 'blockedY': None, 'goalCrossedY': 34.22875, 'goalCrossedZ': 1.990526306, 'expectedGoals': 0.4902246296405792, 'expectedGoalsOnTarget': 0.9827867746353149, 'shotType': 'LeftFoot', 'situation': 'RegularPlay', 'period': 'SecondHalf', 'isOwnGoal': False, 'onGoalShot': {'x': 0.9394841269841275, 'y': 0.5265942608465608, 'zoomRatio': 1}, 'isSavedOffLine': False, 'isFromInsideBox': True, 'keeperId': 643228, 'firstName': 'Jay', 'lastName': 'Stansfield', 'fullName': 'Jay Stansfield', 'teamColor': '#0032A0'}",,,Stansfield,1,8658
1297358690Goal1056689undefinedtrue,90 + 4,Goal,90,4,12973586,"{'id': 1056689, 'name': 'Harvey Knibbs', 'profileUrl': '/players/1056689/harvey-knibbs'}",0,0,/players/1056689/harvey-knibbs,+4,True,,,,,,False,Harvey Knibbs,Harvey,Knibbs,Harvey Knibbs,1056689,"[1, 0]",,"{'id': 2832932071, 'eventType': 'Goal', 'teamId': 8451, 'playerId': 1056689, 'playerName': 'Harvey Knibbs', 'x': 99.50000000040001, 'y': 30.291999999999998, 'min': 90, 'minAdded': 4, 'isBlocked': False, 'isOnTarget': True, 'blockedX': None, 'blockedY': None, 'goalCrossedY': 32.551249999999996, 'goalCrossedZ': 0.8925263114, 'expectedGoals': 0.18890301883220673, 'expectedGoalsOnTarget': 0.1473446786403656, 'shotType': 'RightFoot', 'situation': 'FromCorner', 'period': 'SecondHalf', 'isOwnGoal': False, 'onGoalShot': {'x': 1.3832671957671967, 'y': 0.2361180717989418, 'zoomRatio': 1}, 'isSavedOffLine': False, 'isFromInsideBox': True, 'keeperId': 631757, 'firstName': 'Harvey', 'lastName': 'Knibbs', 'fullName': 'Harvey Knibbs', 'teamColor': '#D00820'}",,,Knibbs,1,8451
1297348890Goal435513undefinedtrue,90,Goal,90,,12973488,"{'id': 435513, 'name': 'Ryan Manning', 'profileUrl': '/players/435513/ryan-manning'}",0,1,/players/435513/ryan-manning,False,True,,,,,,False,Ryan Manning,Ryan,Manning,Ryan Manning,435513,"[1, 1]",,"{'id': 2832925679, 'eventType': 'Goal', 'teamId': 8466, 'playerId': 435513, 'playerName': 'Ryan Manning', 'x': 77.8674757296, 'y': 31.865, 'min': 90, 'minAdded': 0, 'isBlocked': False, 'isOnTarget': True, 'blockedX': None, 'blockedY': None, 'goalCrossedY': 30.797499999999996, 'goalCrossedZ': 1.5025263084, 'expectedGoals': 0.05919434502720833, 'expectedGoalsOnTarget': 0.6339810490608215, 'shotType': 'LeftFoot', 'situation': 'FreeKick', 'period': 'SecondHalf', 'isOwnGoal': False, 'onGoalShot': {'x': 1.8472222222222223, 'y': 0.39749373238095237, 'zoomRatio': 1}, 'isSavedOffLine': False, 'isFromInsideBox': False, 'keeperId': 254472, 'firstName': 'Ryan', 'lastName': 'Manning', 'fullName': 'Ryan Manning', 'teamColor': '#d71920'}",,,Manning,1,8466,,,
1297357590Goal215387undefinedtrue,90 + 6,Goal,90,6,12973575,"{'id': 215387, 'name': 'Jack Stephens', 'profileUrl': '/players/215387/jack-stephens'}",1,1,/players/215387/jack-stephens,+6,True,,,,,,False,Jack Stephens,Jack,Stephens,Jack Stephens,215387,"[2, 1]",,"{'id': 2832930949, 'eventType': 'Goal', 'teamId': 8466, 'playerId': 215387, 'playerName': 'Jack Stephens', 'x': 103.577586207, 'y': 30.22, 'min': 90, 'minAdded': 6, 'isBlocked': False, 'isOnTarget': True, 'blockedX': None, 'blockedY': None, 'goalCrossedY': 33.8475, 'goalCrossedZ': 1.5025263084, 'expectedGoals': 0.6953588724136353, 'expectedGoalsOnTarget': 0.778224527835846, 'shotType': 'RightFoot', 'situation': 'RegularPlay', 'period': 'SecondHalf', 'isOwnGoal': False, 'onGoalShot': {'x': 1.0403439153439162, 'y': 0.39749373238095237, 'zoomRatio': 1}, 'isSavedOffLine': False, 'isFromInsideBox': True, 'keeperId': 254472, 'firstName': 'Jack', 'lastName': 'Stephens', 'fullName': 'Jack Stephens', 'teamColor': '#d71920'}",assist by Damion Downs,/players/1363536/damion-downs,Stephens,1,8466,1363536.0,assist_by,Damion Downs
1297487251Goal664826undefinedtrue,51,Goal,51,,12974872,"{'id': 664826, 'name': 'Dael Fry', 'profileUrl': '/players/664826/dael-fry'}",0,0,/players/664826/dael-fry,False,True,,,,,,False,Dael Fry,Dael,Fry,Dael Fry,664826,"[1, 0]",,"{'id': 2833033739, 'eventType': 'Goal', 'teamId': 8549, 'playerId': 664826, 'playerName': 'Dael Fry', 'x': 99.784482759, 'y': 31.559999999999995, 'min': 51, 'minAdded': None, 'isBlocked': False, 'isOnTarget': True, 'blockedX': None, 'blockedY': None, 'goalCrossedY': 36.2875, 'goalCrossedZ': 0.5265263132, 'expectedGoals': 0.1379440426826477, 'expectedGoalsOnTarget': 0.8638113141059875, 'shotType': 'Header', 'situation': 'FromCorner', 'period': 'SecondHalf', 'isOwnGoal': False, 'onGoalShot': {'x': 0.39484126984126955, 'y': 0.13929267544973545, 'zoomRatio': 1}, 'isSavedOffLine': False, 'isFromInsideBox': True, 'keeperId': 501380, 'firstName': 'Dael', 'lastName': 'Fry', 'fullName': 'Dael Fry', 'teamColor': '#D5002E'}",assist by Morgan Whittaker,/players/1081288/morgan-whittaker,1081288,assist_by,Morgan Whittaker,Fry,1,8549
1297492755Goal848011undefinedtrue,55,Goal,55,,12974927,"{'id': 848011, 'name': 'Joshua Sargent', 'profileUrl': '/players/848011/joshua-sargent'}",0,1,/players/848011/joshua-sargent,False,True,,,,,,False,Joshua Sargent,Joshua,Sargent,Joshua Sargent,848011,"[1, 1]",,"{'id': 2833040463, 'eventType': 'Goal', 'teamId': 9850, 'playerId': 848011, 'playerName': 'Joshua Sargent', 'x': 93.9, 'y': 44.1408917151, 'min': 55, 'minAdded': None, 'isBlocked': False, 'isOnTarget': True, 'blockedX': None, 'blockedY': None, 'goalCrossedY': 36.97375, 'goalCrossedZ': 0.8539999958000001, 'expectedGoals': 0.09904596209526062, 'expectedGoalsOnTarget': 0.7603474259376526, 'shotType': 'RightFoot', 'situation': 'RegularPlay', 'period': 'SecondHalf', 'isOwnGoal': False, 'onGoalShot': {'x': 0.21329365079365015, 'y': 0.22592592481481483, 'zoomRatio': 1}, 'isSavedOffLine': False, 'isFromInsideBox': True, 'keeperId': 887969, 'firstName': 'Joshua', 'lastName': 'Sargent', 'fullName': 'Joshua Sargent', 'teamColor': '#038C40'}",,,Sargent,1,9850
No goals,1,8653
1297457041Goal600812undefinedtrue,41,Goal,41,,12974570,"{'id': 600812, 'name': 'Ben Whiteman', 'profileUrl': '/players/600812/ben-whiteman'}",0,0,/players/600812/ben-whiteman,False,True,True,Own goal,owngoal,OG,own_goal_short,False,Ben Whiteman,Ben,Whiteman,Ben Whiteman,600812,"[1, 0]",,"{'id': 2833009555, 'eventType': 'Goal', 'teamId': 8411, 'playerId': 600812, 'playerName': 'Ben Whiteman', 'x': 2.2758620688, 'y': 34.07625, 'min': 41, 'minAdded': None, 'isBlocked': False, 'isOnTarget': True, 'blockedX': None, 'blockedY': None, 'goalCrossedY': 35.220000000000006, 'goalCrossedZ': 0.6934736808, 'expectedGoals': None, 'expectedGoalsOnTarget': None, 'shotType': 'LeftFoot', 'situation': 'RegularPlay', 'period': 'FirstHalf', 'isOwnGoal': True, 'onGoalShot': {'x': 0.6772486772486757, 'y': 0.18345864571428572, 'zoomRatio': 1}, 'isSavedOffLine': False, 'isFromInsideBox': True, 'keeperId': 617763, 'firstName': 'Ben', 'lastName': 'Whiteman', 'fullName': 'Ben Whiteman', 'teamColor': '#001850'}",,,Whiteman,1,10172
1297542070Goal538499undefinedtrue,70,Goal,70,,12975420,"{'id': 538499, 'name': 'Lewis Baker', 'profileUrl': '/players/538499/lewis-baker'}",0,1,/players/538499/lewis-baker,False,True,,,,,,False,Lewis Baker,Lewis,Baker,Lewis Baker,538499,"[1, 1]",,"{'id': 2833066739, 'eventType': 'Goal', 'teamId': 10194, 'playerId': 538499, 'playerName': 'Lewis Baker', 'x': 85.81617647, 'y': 46.452993627000005, 'min': 70, 'minAdded': None, 'isBlocked': False, 'isOnTarget': True, 'blockedX': None, 'blockedY': None, 'goalCrossedY': 30.797499999999996, 'goalCrossedZ': 0.4879999976, 'expectedGoals': 0.030273165553808212, 'expectedGoalsOnTarget': 0.6472566723823547, 'shotType': 'RightFoot', 'situation': 'RegularPlay', 'period': 'SecondHalf', 'isOwnGoal': False, 'onGoalShot': {'x': 1.8472222222222223, 'y': 0.12910052846560846, 'zoomRatio': 1}, 'isSavedOffLine': False, 'isFromInsideBox': False, 'keeperId': 1014602, 'firstName': 'Lewis', 'lastName': 'Baker', 'fullName': 'Lewis Baker', 'teamColor': '#D7172F'}",assist by Sorba Thomas,/players/812982/sorba-thomas,812982,assist_by,Sorba Thomas,Baker,1,10194
1297639090Goal1203658undefinedtrue,90 + 5,Goal,90,5,12976390,"{'id': 1203658, 'name': 'Divin Mubama', 'profileUrl': '/players/1203658/divin-mubama'}",1,1,/players/1203658/divin-mubama,+5,True,,,,,,False,Divin Mubama,Divin,Mubama,Divin Mubama,1203658,"[2, 1]",,"{'id': 2833107955, 'eventType': 'Goal', 'teamId': 10194, 'playerId': 1203658, 'playerName': 'Divin Mubama', 'x': 99.21052631570001, 'y': 37.355000000000004, 'min': 90, 'minAdded': 5, 'isBlocked': False, 'isOnTarget': True, 'blockedX': None, 'blockedY': None, 'goalCrossedY': 30.797499999999996, 'goalCrossedZ': 0.5265263132, 'expectedGoals': 0.2906867563724518, 'expectedGoalsOnTarget': 0.964052140712738, 'shotType': 'Header', 'situation': 'RegularPlay', 'period': 'SecondHalf', 'isOwnGoal': False, 'onGoalShot': {'x': 1.8472222222222223, 'y': 0.13929267544973545, 'zoomRatio': 1}, 'isSavedOffLine': False, 'isFromInsideBox': True, 'keeperId': 1014602, 'firstName': 'Divin', 'lastName': 'Mubama', 'fullName': 'Divin Mubama', 'teamColor': '#D7172F'}",assist by Tatsuki Seko,/players/1134508/tatsuki-seko,1134508,assist_by,Tatsuki Seko,Mubama,1,10194
1297643890Goal812982undefinedtrue,90 + 9,Goal,90,9,12976438,"{'id': 812982, 'name': 'Sorba Thomas', 'profileUrl': '/players/812982/sorba-thomas'}",2,1,/players/812982/sorba-thomas,+9,True,,,,,,False,Sorba Thomas,Sorba,Thomas,Sorba Thomas,812982,"[3, 1]",,"{'id': 2833111167, 'eventType': 'Goal', 'teamId': 10194, 'playerId': 812982, 'playerName': 'Sorba Thomas', 'x': 95.640350876, 'y': 30.279999999999998, 'min': 90, 'minAdded': 9, 'isBlocked': False, 'isOnTarget': True, 'blockedX': None, 'blockedY': None, 'goalCrossedY': 36.8975, 'goalCrossedZ': 0.20547368320000003, 'expectedGoals': 0.31198230385780334, 'expectedGoalsOnTarget': 0.8783791661262512, 'shotType': 'RightFoot', 'situation': 'FastBreak', 'period': 'SecondHalf', 'isOwnGoal': False, 'onGoalShot': {'x': 0.23346560846560827, 'y': 0.05435811724867726, 'zoomRatio': 1}, 'isSavedOffLine': False, 'isFromInsideBox': True, 'keeperId': 1014602, 'firstName': 'Sorba', 'lastName': 'Thomas', 'fullName': 'Sorba Thomas', 'teamColor': '#D7172F'}",assist by Jamie Donley,/players/1211646/jamie-donley,1211646,assist_by,Jamie Donley,Thomas,1,10194
1297418715Goal1246270undefinedtrue,15,Goal,15,,12974187,"{'id': 1246270, 'name': 'Isaac Price', 'profileUrl': '/players/1246270/isaac-price'}",0,0,/players/1246270/isaac-price,False,True,,,,,,False,Isaac Price,Isaac,Price,Isaac Price,1246270,"[1, 0]",,"{'id': 2832971611, 'eventType': 'Goal', 'teamId': 8659, 'playerId': 1246270, 'playerName': 'Isaac Price', 'x': 96.3157894727, 'y': 37.732, 'min': 15, 'minAdded': None, 'isBlocked': False, 'isOnTarget': True, 'blockedX': None, 'blockedY': None, 'goalCrossedY': 36.97375, 'goalCrossedZ': 0.0834736838, 'expectedGoals': 0.15591417253017426, 'expectedGoalsOnTarget': 0.8156775236129761, 'shotType': 'RightFoot', 'situation': 'ThrowInSetPiece', 'period': 'FirstHalf', 'isOwnGoal': False, 'onGoalShot': {'x': 0.21329365079365015, 'y': 0.02208298513227513, 'zoomRatio': 1}, 'isSavedOffLine': False, 'isFromInsideBox': True, 'keeperId': 861001, 'firstName': 'Isaac', 'lastName': 'Price', 'fullName': 'Isaac Price', 'teamColor': '#002F68'}",assist by Aune Selland Heggebø,/players/935502/aune-selland-heggebo,935502,assist_by,Aune Selland Heggebø,Price,1,8659
1297694114Goal807728undefinedtrue,14,Goal,14,,12976941,"{'id': 807728, 'name': 'Tyrese Campbell', 'profileUrl': '/players/807728/tyrese-campbell'}",0,1,/players/807728/tyrese-campbell,False,True,,,,,,False,Tyrese Campbell,Tyrese,Campbell,Tyrese Campbell,807728,"[1, 1]",,"{'id': 2833151933, 'eventType': 'Goal', 'teamId': 8657, 'playerId': 807728, 'playerName': 'Tyrese Campbell', 'x': 93, 'y': 33.161249999999995, 'min': 14, 'minAdded': None, 'isBlocked': False, 'isOnTarget': True, 'blockedX': None, 'blockedY': None, 'goalCrossedY': 35.448750000000004, 'goalCrossedZ': 1.1814736784, 'expectedGoals': 0.3694174587726593, 'expectedGoalsOnTarget': 0.17342332005500793, 'shotType': 'LeftFoot', 'situation': 'RegularPlay', 'period': 'FirstHalf', 'isOwnGoal': False, 'onGoalShot': {'x': 0.6167328042328032, 'y': 0.31255917417989415, 'zoomRatio': 1}, 'isSavedOffLine': False, 'isFromInsideBox': True, 'keeperId': 1360352, 'firstName': 'Tyrese', 'lastName': 'Campbell', 'fullName': 'Tyrese Campbell', 'teamColor': '#E30613'}",assist by Callum O'Hare,/players/759801/callum-ohare,759801,assist_by,Callum O'Hare,Campbell,1,8657
1298433854Goal205893undefinedtrue,54,Goal,54,,12984338,"{'id': 205893, 'name': 'Jannik Vestergaard', 'profileUrl': '/players/205893/jannik-vestergaard'}",0,1,/players/205893/jannik-vestergaard,False,True,,,,,,False,Jannik Vestergaard,Jannik,Vestergaard,Jannik Vestergaard,205893,"[1, 1]",,"{'id': 2833846705, 'eventType': 'Goal', 'teamId': 8197, 'playerId': 205893, 'playerName': 'Jannik Vestergaard', 'x': 96.79824561320001, 'y': 33.61875, 'min': 54, 'minAdded': None, 'isBlocked': False, 'isOnTarget': True, 'blockedX': None, 'blockedY': None, 'goalCrossedY': 33.77125, 'goalCrossedZ': 1.6245263078, 'expectedGoals': 0.3052460253238678, 'expectedGoalsOnTarget': 0.317749947309494, 'shotType': 'RightFoot', 'situation': 'SetPiece', 'period': 'SecondHalf', 'isOwnGoal': False, 'onGoalShot': {'x': 1.0605158730158726, 'y': 0.42976886449735446, 'zoomRatio': 1}, 'isSavedOffLine': False, 'isFromInsideBox': True, 'keeperId': 1420144, 'firstName': 'Jannik', 'lastName': 'Vestergaard', 'fullName': 'Jannik Vestergaard', 'teamColor': '#0d47a1'}",assist by Bilal El Khannouss,/players/1340895/bilal-el-khannouss,1340895,assist_by,Bilal El Khannouss,Vestergaard,1,8197
1298476587Goal693678undefinedtrue,87,Goal,87,,12984765,"{'id': 693678, 'name': 'Wout Faes', 'profileUrl': '/players/693678/wout-faes'}",1,1,/players/693678/wout-faes,False,True,,,,,,False,Wout Faes,Wout,Faes,Wout Faes,693678,"[2, 1]",,"{'id': 2833870573, 'eventType': 'Goal', 'teamId': 8197, 'playerId': 693678, 'playerName': 'Wout Faes', 'x': 100.1637931038, 'y': 30.279999999999998, 'min': 87, 'minAdded': None, 'isBlocked': False, 'isOnTarget': True, 'blockedX': None, 'blockedY': None, 'goalCrossedY': 32.779999999999994, 'goalCrossedZ': 1.9519999904, 'expectedGoals': 0.2123463898897171, 'expectedGoalsOnTarget': 0.5887899398803711, 'shotType': 'Header', 'situation': 'FromCorner', 'period': 'SecondHalf', 'isOwnGoal': False, 'onGoalShot': {'x': 1.3227513227513243, 'y': 0.5164021138624338, 'zoomRatio': 1}, 'isSavedOffLine': False, 'isFromInsideBox': True, 'keeperId': 1420144, 'firstName': 'Wout', 'lastName': 'Faes', 'fullName': 'Wout Faes', 'teamColor': '#0d47a1'}",assist by Bilal El Khannouss,/players/1340895/bilal-el-khannouss,1340895,assist_by,Bilal El Khannouss,Faes,1,8197
1299744112Goal610270undefinedtrue,12,Goal,12,,12997441,"{'id': 610270, 'name': 'Callum Elder', 'profileUrl': '/players/610270/callum-elder'}",0,1,/players/610270/callum-elder,False,True,,,,,,False,Callum Elder,Callum,Elder,Callum Elder,610270,"[1, 1]",,"{'id': 2835374041, 'eventType': 'Goal', 'teamId': 10170, 'playerId': 610270, 'playerName': 'Callum Elder', 'x': 98.24561403470001, 'y': 11.2818957412, 'min': 12, 'minAdded': None, 'isBlocked': False, 'isOnTarget': True, 'blockedX': None, 'blockedY': None, 'goalCrossedY': 36.2875, 'goalCrossedZ': 2.1959999892, 'expectedGoals': 0.032664764672517776, 'expectedGoalsOnTarget': 0.2500503659248352, 'shotType': 'LeftFoot', 'situation': 'FreeKick', 'period': 'FirstHalf', 'isOwnGoal': False, 'onGoalShot': {'x': 0.39484126984126955, 'y': 0.5809523780952381, 'zoomRatio': 1}, 'isSavedOffLine': False, 'isFromInsideBox': False, 'keeperId': 1187236, 'firstName': 'Callum', 'lastName': 'Elder', 'fullName': 'Callum Elder', 'teamColor': '#201E1F'}",,,Elder,2,10170
1299781045Goal562725undefinedtrue,45 + 2,Goal,45,2,12997810,"{'id': 562725, 'name': 'Carlton Morris', 'profileUrl': '/players/562725/carlton-morris'}",1,2,/players/562725/carlton-morris,+2,True,,Penalty,penalty,Pen,penalties_short,False,Carlton Morris,Carlton,Morris,Carlton Morris,562725,"[2, 2]",,"{'id': 2835407325, 'eventType': 'Goal', 'teamId': 10170, 'playerId': 562725, 'playerName': 'Carlton Morris', 'x': 94, 'y': 34, 'min': 45, 'minAdded': 2, 'isBlocked': False, 'isOnTarget': True, 'blockedX': None, 'blockedY': None, 'goalCrossedY': 32.551249999999996, 'goalCrossedZ': 0.1219999994, 'expectedGoals': 0.7884, 'expectedGoalsOnTarget': 0.8420699238777161, 'shotType': 'RightFoot', 'situation': 'Penalty', 'period': 'FirstHalf', 'isOwnGoal': False, 'onGoalShot': {'x': 1.3832671957671967, 'y': 0.032275132116402115, 'zoomRatio': 1}, 'isSavedOffLine': False, 'isFromInsideBox': True, 'keeperId': 1187236, 'firstName': 'Carlton', 'lastName': 'Morris', 'fullName': 'Carlton Morris', 'teamColor': '#201E1F'}",,,Morris,2,10170
1299815250Goal538329undefinedtrue,50,Goal,50,,12998152,"{'id': 538329, 'name': 'Ebou Adams', 'profileUrl': '/players/538329/ebou-adams'}",2,2,/players/538329/ebou-adams,False,True,,,,,,False,Ebou Adams,Ebou,Adams,Ebou Adams,538329,"[3, 2]",,"{'id': 2835426195, 'eventType': 'Goal', 'teamId': 10170, 'playerId': 538329, 'playerName': 'Ebou Adams', 'x': 95.35087719170001, 'y': 36.440000000000005, 'min': 50, 'minAdded': None, 'isBlocked': False, 'isOnTarget': True, 'blockedX': None, 'blockedY': None, 'goalCrossedY': 31.1025, 'goalCrossedZ': 0.160526315, 'expectedGoals': 0.11505583673715591, 'expectedGoalsOnTarget': 0.8782840967178345, 'shotType': 'RightFoot', 'situation': 'ThrowInSetPiece', 'period': 'SecondHalf', 'isOwnGoal': False, 'onGoalShot': {'x': 1.7665343915343916, 'y': 0.042467279100529096, 'zoomRatio': 1}, 'isSavedOffLine': False, 'isFromInsideBox': True, 'keeperId': 1187236, 'firstName': 'Ebou', 'lastName': 'Adams', 'fullName': 'Ebou Adams', 'teamColor': '#201E1F'}",,,Adams,2,10170
1299849384Goal1265460undefinedtrue,84,Goal,84,,12998493,"{'id': 1265460, 'name': 'Adrian Segecic', 'profileUrl': '/players/1265460/adrian-segecic'}",0,2,/players/1265460/adrian-segecic,False,True,,,,,,False,Adrian Segecic,Adrian,Segecic,Adrian Segecic,1265460,"[1, 2]",,"{'id': 2835452015, 'eventType': 'Goal', 'teamId': 8462, 'playerId': 1265460, 'playerName': 'Adrian Segecic', 'x': 83.0480582528, 'y': 44.981656046699996, 'min': 84, 'minAdded': None, 'isBlocked': False, 'isOnTarget': True, 'blockedX': None, 'blockedY': None, 'goalCrossedY': 31.559999999999995, 'goalCrossedZ': 0.20547368320000003, 'expectedGoals': 0.023482216522097588, 'expectedGoalsOnTarget': 0.12362758070230484, 'shotType': 'LeftFoot', 'situation': 'RegularPlay', 'period': 'SecondHalf', 'isOwnGoal': False, 'onGoalShot': {'x': 1.6455026455026467, 'y': 0.05435811724867726, 'zoomRatio': 1}, 'isSavedOffLine': False, 'isFromInsideBox': False, 'keeperId': 857434, 'firstName': 'Adrian', 'lastName': 'Segecic', 'fullName': 'Adrian Segecic', 'teamColor': '#0056A1'}",assist by Florian Bianchini,/players/1187449/florian-bianchini,1187449,assist_by,Florian Bianchini,Segecic,2,8462
1299776042Goal914134undefinedtrue,42,Goal,42,,12997760,"{'id': 914134, 'name': ""Lewis O'Brien"", 'profileUrl': '/players/914134/lewis-obrien'}",0,1,/players/914134/lewis-obrien,False,True,,,,,,False,Lewis O'Brien,Lewis,O'Brien,Lewis O'Brien,914134,"[1, 1]",,"{'id': 2835402957, 'eventType': 'Goal', 'teamId': 9841, 'playerId': 914134, 'playerName': ""Lewis O'Brien"", 'x': 93.6, 'y': 31.865, 'min': 42, 'minAdded': None, 'isBlocked': False, 'isOnTarget': True, 'blockedX': None, 'blockedY': None, 'goalCrossedY': 31.4075, 'goalCrossedZ': 1.990526306, 'expectedGoals': 0.13652609288692474, 'expectedGoalsOnTarget': 0.7286360263824463, 'shotType': 'LeftFoot', 'situation': 'RegularPlay', 'period': 'FirstHalf', 'isOwnGoal': False, 'onGoalShot': {'x': 1.6858465608465611, 'y': 0.5265942608465608, 'zoomRatio': 1}, 'isSavedOffLine': False, 'isFromInsideBox': True, 'keeperId': 969252, 'firstName': 'Lewis', 'lastName': ""O'Brien"", 'fullName': ""Lewis O'Brien"", 'teamColor': '#E5131C'}",assist by James McClean,/players/175947/james-mcclean,175947,assist_by,James McClean,O'Brien,2,9841
1299861390Goal791416undefinedtrue,90 + 5,Goal,90,5,12998613,"{'id': 791416, 'name': 'Sam Smith', 'profileUrl': '/players/791416/sam-smith'}",1,3,/players/791416/sam-smith,+5,True,,,,,,False,Sam Smith,Sam,Smith,Sam Smith,791416,"[2, 3]",,"{'id': 2835459825, 'eventType': 'Goal', 'teamId': 9841, 'playerId': 791416, 'playerName': 'Sam Smith', 'x': 100.732758621, 'y': 35.220000000000006, 'min': 90, 'minAdded': 5, 'isBlocked': False, 'isOnTarget': True, 'blockedX': None, 'blockedY': None, 'goalCrossedY': 35.83, 'goalCrossedZ': 1.1365263102, 'expectedGoals': 0.5580987334251404, 'expectedGoalsOnTarget': 0.942633867263794, 'shotType': 'Header', 'situation': 'RegularPlay', 'period': 'SecondHalf', 'isOwnGoal': False, 'onGoalShot': {'x': 0.5158730158730164, 'y': 0.30066833603174603, 'zoomRatio': 1}, 'isSavedOffLine': False, 'isFromInsideBox': True, 'keeperId': 969252, 'firstName': 'Sam', 'lastName': 'Smith', 'fullName': 'Sam Smith', 'teamColor': '#E5131C'}",assist by Ryan Longman,/players/886155/ryan-longman,886155,assist_by,Ryan Longman,Smith,2,9841
1299979150Goal789593undefinedtrue,50,Goal,50,,12999791,"{'id': 789593, 'name': 'Todd Cantwell', 'profileUrl': '/players/789593/todd-cantwell'}",0,0,/players/789593/todd-cantwell,False,True,,,,,,False,Todd Cantwell,Todd,Cantwell,Todd Cantwell,789593,"[1, 0]",,"{'id': 2835577197, 'eventType': 'Goal', 'teamId': 8655, 'playerId': 789593, 'playerName': 'Todd Cantwell', 'x': 90.2, 'y': 23.5788535077, 'min': 50, 'minAdded': None, 'isBlocked': False, 'isOnTarget': True, 'blockedX': None, 'blockedY': None, 'goalCrossedY': 35.9825, 'goalCrossedZ': 0.1219999994, 'expectedGoals': 0.03164242208003998, 'expectedGoalsOnTarget': 0.07126022130250931, 'shotType': 'RightFoot', 'situation': 'FromCorner', 'period': 'SecondHalf', 'isOwnGoal': False, 'onGoalShot': {'x': 0.47552910052910013, 'y': 0.032275132116402115, 'zoomRatio': 1}, 'isSavedOffLine': False, 'isFromInsideBox': True, 'keeperId': 172284, 'firstName': 'Todd', 'lastName': 'Cantwell', 'fullName': 'Todd Cantwell', 'teamColor': '#005E9C'}",,,Cantwell,2,8655
No goals,2,10004
129991107Goal1178263undefinedtrue,7,Goal,7,,12999110,"{'id': 1178263, 'name': 'Alfie Devine', 'profileUrl': '/players/1178263/alfie-devine'}",0,0,/players/1178263/alfie-devine,False,True,,,,,,False,Alfie Devine,Alfie,Devine,Alfie Devine,1178263,"[1, 0]",,"{'id': 2835494469, 'eventType': 'Goal', 'teamId': 8411, 'playerId': 1178263, 'playerName': 'Alfie Devine', 'x': 96.79824561320001, 'y': 10.7571564044, 'min': 7, 'minAdded': None, 'isBlocked': False, 'isOnTarget': True, 'blockedX': None, 'blockedY': None, 'goalCrossedY': 37.05, 'goalCrossedZ': 0.6485263126, 'expectedGoals': 0.36484619975090027, 'expectedGoalsOnTarget': 0.9766682982444763, 'shotType': 'RightFoot', 'situation': 'FastBreak', 'period': 'FirstHalf', 'isOwnGoal': False, 'onGoalShot': {'x': 0.19312169312169392, 'y': 0.17156780756613757, 'zoomRatio': 1}, 'isSavedOffLine': False, 'isFromInsideBox': False, 'keeperId': 1096327, 'firstName': 'Alfie', 'lastName': 'Devine', 'fullName': 'Alfie Devine', 'teamColor': '#001850'}",assist by Pol Valentin,/players/886874/pol-valentin,886874,assist_by,Pol Valentin,Devine,2,8411
1300085285Goal936603undefinedtrue,85,Goal,85,,13000852,"{'id': 936603, 'name': 'Milutin Osmajic', 'profileUrl': '/players/936603/milutin-osmajic'}",1,1,/players/936603/milutin-osmajic,False,True,,,,,,False,Milutin Osmajic,Milutin,Osmajic,Milutin Osmajic,936603,"[2, 1]",,"{'id': 2835635957, 'eventType': 'Goal', 'teamId': 8411, 'playerId': 936603, 'playerName': 'Milutin Osmajic', 'x': 95.15789473550001, 'y': 36.51625, 'min': 85, 'minAdded': None, 'isBlocked': False, 'isOnTarget': True, 'blockedX': None, 'blockedY': None, 'goalCrossedY': 30.568749999999998, 'goalCrossedZ': 1.3805263090000002, 'expectedGoals': 0.5351863503456116, 'expectedGoalsOnTarget': 0.9184896349906921, 'shotType': 'RightFoot', 'situation': 'FastBreak', 'period': 'SecondHalf', 'isOwnGoal': False, 'onGoalShot': {'x': 1.9077380952380967, 'y': 0.3652186002645503, 'zoomRatio': 1}, 'isSavedOffLine': False, 'isFromInsideBox': True, 'keeperId': 1096327, 'firstName': 'Milutin', 'lastName': 'Osmajic', 'fullName': 'Milutin Osmajic', 'teamColor': '#001850'}",assist by Thierry Small,/players/1195277/thierry-small,1195277,assist_by,Thierry Small,Osmajic,2,8411
No goals,2,10163
1300036066Goal1260020undefinedtrue,66,Goal,66,,13000360,"{'id': 1260020, 'name': 'Ronald Pereira', 'profileUrl': '/players/1260020/ronald-pereira'}",0,0,/players/1260020/ronald-pereira,False,True,,,,,,False,Ronald Pereira,Ronald,Pereira,Ronald Pereira,1260020,"[1, 0]",,"{'id': 2835611523, 'eventType': 'Goal', 'teamId': 10003, 'playerId': 1260020, 'playerName': 'Ronald Pereira', 'x': 89.5, 'y': 31.254999999999995, 'min': 66, 'minAdded': None, 'isBlocked': False, 'isOnTarget': True, 'blockedX': None, 'blockedY': None, 'goalCrossedY': 30.873749999999998, 'goalCrossedZ': 0.40452631380000004, 'expectedGoals': 0.21286727488040924, 'expectedGoalsOnTarget': 0.4054565131664276, 'shotType': 'RightFoot', 'situation': 'FastBreak', 'period': 'SecondHalf', 'isOwnGoal': False, 'onGoalShot': {'x': 1.8270502645502642, 'y': 0.10701754333333334, 'zoomRatio': 1}, 'isSavedOffLine': False, 'isFromInsideBox': True, 'keeperId': 876161, 'firstName': 'Ronald', 'lastName': 'Pereira', 'fullName': 'Ronald Pereira', 'teamColor': '#000000'}",,,Pereira,2,10003
1299924619Goal1381571undefinedtrue,19,Goal,19,,12999246,"{'id': 1381571, 'name': 'Luca Kjerrumgaard', 'profileUrl': '/players/1381571/luca-kjerrumgaard'}",0,0,/players/1381571/luca-kjerrumgaard,False,True,,,,,,False,Luca Kjerrumgaard,Luca,Kjerrumgaard,Luca Kjerrumgaard,1381571,"[1, 0]",,"{'id': 2835516203, 'eventType': 'Goal', 'teamId': 9817, 'playerId': 1381571, 'playerName': 'Luca Kjerrumgaard', 'x': 95.0614035074, 'y': 33.31375, 'min': 19, 'minAdded': None, 'isBlocked': False, 'isOnTarget': True, 'blockedX': None, 'blockedY': None, 'goalCrossedY': 31.78875, 'goalCrossedZ': 0.44947368200000004, 'expectedGoals': 0.40982383489608765, 'expectedGoalsOnTarget': 0.7639394998550415, 'shotType': 'RightFoot', 'situation': 'RegularPlay', 'period': 'FirstHalf', 'isOwnGoal': False, 'onGoalShot': {'x': 1.5849867724867723, 'y': 0.11890838148148149, 'zoomRatio': 1}, 'isSavedOffLine': False, 'isFromInsideBox': True, 'keeperId': 1076693, 'firstName': 'Luca', 'lastName': 'Kjerrumgaard', 'fullName': 'Luca Kjerrumgaard', 'teamColor': '#d99f00'}",assist by Nestory Irankunda,/players/1327214/nestory-irankunda,1327214,assist_by,Nestory Irankunda,Kjerrumgaard,2,9817
1299930123Goal1381571undefinedtrue,23,Goal,23,,12999301,"{'id': 1381571, 'name': 'Luca Kjerrumgaard', 'profileUrl': '/players/1381571/luca-kjerrumgaard'}",1,0,/players/1381571/luca-kjerrumgaard,False,True,,,,,,False,Luca Kjerrumgaard,Luca,Kjerrumgaard,Luca Kjerrumgaard,1381571,"[2, 0]",,"{'id': 2835521119, 'eventType': 'Goal', 'teamId': 9817, 'playerId': 1381571, 'playerName': 'Luca Kjerrumgaard', 'x': 102.155172414, 'y': 38.116190478, 'min': 23, 'minAdded': None, 'isBlocked': False, 'isOnTarget': True, 'blockedX': None, 'blockedY': None, 'goalCrossedY': 31.865, 'goalCrossedZ': 0.8539999958000001, 'expectedGoals': 0.4247716963291168, 'expectedGoalsOnTarget': 0.7676709890365601, 'shotType': 'Header', 'situation': 'RegularPlay', 'period': 'FirstHalf', 'isOwnGoal': False, 'onGoalShot': {'x': 1.5648148148148162, 'y': 0.22592592481481483, 'zoomRatio': 1}, 'isSavedOffLine': False, 'isFromInsideBox': True, 'keeperId': 1076693, 'firstName': 'Luca', 'lastName': 'Kjerrumgaard', 'fullName': 'Luca Kjerrumgaard', 'teamColor': '#d99f00'}",assist by Imran Louza,/players/993022/imran-louza,993022,assist_by,Imran Louza,Kjerrumgaard,2,9817
